date,close,volume,open,high,low
4/25/11,28.22,3268354,28.29,28.42,27.84
4/26/11,28.29,2556164,28.31,28.36,27.91
4/27/11,27.52,5046140,28.04,28.07,27.1
4/28/11,27.51,5057400,27.5,28.18,27.37
4/29/11,31.46,11978230,31.39,31.95,29.7
5/2/11,30.58,4682206,31.59,31.69,30.5
5/3/11,29.82,3522624,30.51,30.53,29.575
5/4/11,29.5,3249189,29.77,30.36,29.21
5/5/11,29.82,4178387,29.16,30.56,28.75
5/6/11,29.61,3179634,30.17,30.29,29.4301
5/9/11,29.66,3126667,29.54,30.2,29.33
5/10/11,29.94,3148474,29.83,30.31,29.51
5/11/11,28.77,4001698,29.84,29.92,28.44
5/12/11,28.57,4625020,28.48,29.14,28.28
5/13/11,28.34,3266051,28.6,28.85,28.18
5/16/11,27.24,3985087,28.21,28.34,27.16
5/17/11,26.64,4730342,27.24,27.24,26.36
5/18/11,27.75,4755012,27.67,27.9275,26.915
5/19/11,27.51,2526070,27.91,27.91,27.32
5/20/11,27.31,2155074,27.64,27.74,27.09
5/23/11,26.63,2690266,26.66,26.92,26.26
5/24/11,26.52,2349619,26.89,27.05,26.3601
5/25/11,26.84,2136738,26.37,27,26.37
5/26/11,27.03,2103318,26.9,27.05,26.53
5/27/11,25.5,11532090,27.2,27.24,24.79
5/31/11,25.47,6095511,25.65,25.91,24.57
6/1/11,24.56,4758825,25.3,25.5,24.43
6/2/11,24.92,4342964,24.48,24.99,24.22
6/3/11,23.06,9483814,24.31,24.47,23.06
6/6/11,23.2785,4766990,23.01,23.7,23
6/7/11,25.08,12609060,24.11,25.89,24
6/8/11,24.42,5434253,24.84,24.88,24.1
6/9/11,24.94,6047323,24.61,25.52,24.3
6/10/11,24.32,3954011,24.77,24.84,23.9
6/13/11,23.515,3111297,24.36,24.54,23.36
6/14/11,24.91,5846420,23.94,25.18,23.9
6/15/11,24.12,2994379,24.47,24.66,24.08
6/16/11,23.51,2712423,24.13,24.24,23.22
6/17/11,23.16,3389602,23.93,24.09,23.0275
6/20/11,21.7,13006100,22.34,22.58,21.49
6/21/11,22.53,5615193,21.79,23.1,21.41
6/22/11,22.39,2745735,22.4,22.76,22.14
6/23/11,23.28,5616576,22.03,23.32,21.82
6/24/11,22.87,3028315,23.3,23.66,22.8
6/27/11,22.92,2459229,22.73,23.37,22.47
6/28/11,23.56,3071593,22.96,23.75,22.9
6/29/11,22.62,5390825,23.6,23.8,22.36
6/30/11,22.98,3320287,22.73,23.3,22.62
7/1/11,23.44,2059357,23.05,23.58,22.93
7/5/11,23.06,2398086,23.43,23.54,22.9201
7/6/11,23.65,5062431,22.99,24.08,22.52
7/7/11,25.21,5919723,24.18,25.485,24.12
7/8/11,24.72,3521687,24.88,25.09,24.52
7/11/11,24.23,3193252,24.38,25.17,24.09
7/12/11,22.65,5123891,24.07,24.08,22.51
7/13/11,22.83,3651131,22.87,23.5478,22.8
7/14/11,22.38,5027000,22.87,23.56,22.36
7/15/11,22.68,2415846,22.64,22.75,22.25
7/18/11,22.23,3316122,22.57,22.7,21.83
7/19/11,22.9,2792571,22.34,23.16,22.34
7/20/11,23.61,4507618,24.06,24.5,23.405
7/21/11,22.68,6616445,23.81,24,22.56
7/22/11,26.98,14546810,25,27.09,24.9
7/25/11,26.46,6931598,26.8,26.84,26.1
7/26/11,27,5274399,26.66,27.36,26.6
7/27/11,26.1,5901151,26.92,26.92,25.95
7/28/11,25.55,5145728,26.46,26.5,25.42
7/29/11,25.31,4307581,24.99,25.91,24.6009
8/1/11,25,4676513,26,26.22,24.45
8/2/11,23.55,4648418,24.65,24.84,23.54
8/3/11,24.3,4681576,23.64,24.41,22.87
8/4/11,22.3,5860331,23.8,23.81,22.27
8/5/11,20.68,10623330,22.84,22.89,20.12
8/8/11,19.39,9715689,19.6,20.4,19.1
8/9/11,20.53,7136049,19.7,20.55,18.89
8/10/11,20.275,5158724,20.14,21.17,19.7
8/11/11,22.02,5372884,20.28,22.41,20.18
8/12/11,22.07,3869735,22.25,22.89,21.93
8/15/11,23.11,3875800,22.32,23.235,22.26
8/16/11,21.47,6294010,22.74,22.8493,20.77
8/17/11,21.36,2920793,21.62,22.16,21.095
8/18/11,19.42,4515152,20.5,20.51,19.23
8/19/11,18.78,3977477,18.79,20.05,18.75
8/22/11,19.11,2935877,19.37,19.74,19
8/23/11,20.04,4656372,19.3,20.13,19.21
8/24/11,20.05,2665035,19.97,20.2,19.56
8/25/11,19.46,2228336,20.07,20.18,19.395
8/26/11,19.89,3271498,19.31,20.15,18.94
8/29/11,20.8,2820348,20.33,20.83,20.18
8/30/11,20.85,2305773,20.64,21.1,20.4664
8/31/11,20.63,2523832,21.02,21.47,20.44
9/1/11,20.92,4020935,20.69,21.68,20.44
9/2/11,19.62,3488014,20.3,20.63,19.48
9/6/11,19.3,4144196,18.9,19.37,18.17
9/7/11,20.17,4240373,20.32,20.48,20
9/8/11,20.33,4002407,20,20.9,20
9/9/11,19.58,5319654,20.14,20.85,19.39
9/12/11,20.28,3956164,19.25,20.42,19.24
9/13/11,21.19,4951958,20.33,21.3593,20.28
9/14/11,22.18,6071789,21.77,22.49,21.03
9/15/11,22.35,3398749,22.38,22.57,21.79
9/16/11,22.07,2823900,22.38,22.54,21.92
9/19/11,21.59,2339170,21.49,21.8,21.17
9/20/11,21.57,3240365,21.66,22.13,21.3493
9/21/11,21.92,4339771,21.61,22.59,21.49
9/22/11,20.31,4133167,21.07,21.2,19.6
9/23/11,20.91,2332482,20.05,20.95,19.9
9/26/11,20.57,2796186,21,21.04,19.7
9/27/11,20.58,2654538,21,21.38,20.45
9/28/11,19.85,3928021,20.65,20.81,19.71
9/29/11,19.09,3626325,20.31,20.4693,18.54
9/30/11,17.96,4681722,18.63,18.7094,17.94
10/3/11,16.96,4637179,17.81,18.33,16.93
10/4/11,18.16,4496647,16.64,18.2,16.34
10/5/11,19.34,6573248,18.25,19.73,17.71
10/6/11,19.33,3673310,19.42,19.55,18.86
10/7/11,19.13,2833267,19.48,19.74,18.82
10/10/11,19.56,2888045,19.73,19.88,19.1
10/11/11,19.91,5743930,19.4,20.02,19.21
10/12/11,20.72,8676443,20.37,21.95,20.28
10/13/11,21.43,9477746,20.54,21.72,20.08
10/14/11,22.4,6545971,22.57,23.4693,21.75
10/17/11,21.24,3518855,22.31,22.34,21.01
10/18/11,21.92,3650693,21.25,22.08,20.82
10/19/11,20.83,4007407,21.64,21.64,20.71
10/20/11,20.68,3779272,20.88,20.99,19.92
10/21/11,20.93,3526849,21.04,21.71,20.81
10/24/11,21.89,4425594,21.09,21.93,21.02
10/25/11,21.02,3156523,21.69,21.94,20.91
10/26/11,21.39,3363773,21.41,21.6,20.54
10/27/11,21.38,7200739,22.03,22.176,21.1999
10/28/11,20.29,9442507,21.28,21.33,19.85
10/31/11,19.81,5100325,20.17,20.27,19.68
11/1/11,19.11,5036415,19.05,19.55,19
11/2/11,19.08,5516094,19.42,19.75,18.72
11/3/11,20.5,8330931,20.14,20.58,19.63
11/4/11,21.83,12368700,19.56,21.98,19.44
11/7/11,21.32,4479760,21.426,21.82,20.81
11/8/11,21.13,3404931,21.45,21.6,20.6
11/9/11,19.62,4801238,20.31,20.5,19.56
11/10/11,19.08,5239523,19.91,20.0398,18.9
11/11/11,19.765,3186271,19.4,19.89,19.16
11/14/11,19.49,2142320,19.62,19.85,19.2501
11/15/11,19.53,3300044,19.38,19.7,19.025
11/16/11,18.99,2992418,19.31,19.63,18.96
11/17/11,17.4,7745624,18.98,19,17.24
11/18/11,16.99,4085928,17.71,17.81,16.915
11/21/11,16.57,8093661,16.64,16.85,16.23
11/22/11,15.9,5806962,16.6,16.735,15.84
11/23/11,14.54,10471360,15.72,15.81,14.35
11/25/11,14.13,3144446,14.65,14.81,14.11
11/28/11,14.35,9096041,14.81,14.99,14.12
11/29/11,14.51,9887343,14.13,14.7,14.08
11/30/11,16.31,11109590,15.1,16.36,15.1
12/1/11,16.16,8160275,16.2,16.52,16
12/2/11,16.35,6986474,16.39,16.77,16.3
12/5/11,16.38,4668474,16.66,16.82,16.25
12/6/11,16.1,3806505,16.32,16.55,15.99
12/7/11,15.85,8540937,15.97,16.145,15.43
12/8/11,15.27,3670681,15.73,15.9,15.23
12/9/11,15.49,3003989,15.31,15.62,15
12/12/11,14.99,3562237,15.2,15.22,14.82
12/13/11,14.08,6762685,15.09,15.27,13.98
12/14/11,14.04,4936706,14.08,14.37,13.72
12/15/11,14.29,4333342,14.67,14.93,14.22
12/16/11,14.37,6154479,14.38,14.78,14.34
12/19/11,14.74,8205303,14.49,14.86,14.4
12/20/11,15.53,5573460,15,15.575,14.98
12/21/11,15.47,4124183,15.41,15.52,15.031
12/22/11,16.33,3566326,15.44,16.395,15.44
12/23/11,16.205,2006336,16.41,16.51,16.04
12/27/11,16.19,1617590,16.06,16.3,16.01
12/28/11,15.98,2620210,16.17,16.41,15.92
12/29/11,16.1,1926667,16.04,16.22,15.965
12/30/11,16.22,1937678,16.04,16.39,16.04
1/3/12,16.82,4561836,16.9,17.22,16.625
1/4/12,16.78,2713771,16.68,16.86,16.56
1/5/12,17.28,4638938,16.64,17.33,16.48
1/6/12,17.15,4998209,16.6,17.35,16.55
1/9/12,17.81,8351434,17.18,17.93,17.13
1/10/12,17.98,4128699,18.09,18.18,17.64
1/11/12,18.03,2910344,17.89,18.11,17.44
1/12/12,17.98,2556744,18.14,18.15,17.66
1/13/12,17.64,2749953,17.82,17.89,17.5
1/17/12,18.285,4496243,17.99,18.43,17.93
1/18/12,19.08,5356104,18.39,19.26,18.34
1/19/12,19.23,9406746,19.29,19.5,18.91
1/20/12,21.39,15864770,20.36,21.49,20.17
1/23/12,21.29,5474241,21.19,21.64,21
1/24/12,21.555,3720691,21.2,21.59,21
1/25/12,21.77,6620797,22.26,22.45,21.43
1/26/12,21.62,5491995,22.01,22.25,21.47
1/27/12,22,4620369,21.45,22.28,21.21
1/30/12,21.76,5213091,21.75,21.97,21.4
1/31/12,21.58,3769921,22.08,22.12,21.41
2/1/12,21.83,6297572,21.75,21.99,21.36
2/2/12,22.83,7479855,22.22,23.3,22.08
2/3/12,23.68,5541127,23.25,24.01,23.07
2/6/12,23.44,3401004,23.43,23.62,23.2099
2/7/12,23.69,4664283,23.4,23.73,22.9
2/8/12,24.28,4353588,23.69,24.56,23.69
2/9/12,24.545,4780612,24.4,24.676,23.83
2/10/12,23.46,4489971,24.13,24.36,23.39
2/13/12,23.63,3758850,23.84,23.99,23.1
2/14/12,23.98,3014602,23.33,24,23.3
2/15/12,24.24,4361634,24.1,24.83,24.03
2/16/12,25.22,3727070,23.92,25.25,23.9
2/17/12,24.86,2643164,25.41,25.41,24.6
2/21/12,24.78,2545580,25.32,25.47,24.6296
2/22/12,24.85,2611350,24.9,24.99,24.56
2/23/12,25.56,4359550,24.78,25.6,24.6
2/24/12,25.86,3035368,25.65,25.9799,25.56
2/27/12,26.595,5514037,25.96,26.99,25.4
2/28/12,26.89,6003000,26.74,27.3625,26.3
2/29/12,26.97,3702767,27.02,27.19,26.63
3/1/12,27.37,4889158,27.4,27.54,26.87
3/2/12,27.46,5229738,27.33,28.16,27.22
3/5/12,26.07,6803039,27.31,27.4,25.83
3/6/12,25.38,8332502,25.6,25.68,24.89
3/7/12,26.09,5228097,25.99,26.17,25.5
3/8/12,26.77,3197877,26.33,26.84,26.08
3/9/12,26.91,5232127,27.01,27.31,26.66
3/12/12,26.45,3171309,26.83,26.92,26.36
3/13/12,27.15,4048930,26.63,27.15,26.47
3/14/12,27.73,3682114,27.23,27.92,27.17
3/15/12,28.29,3717337,27.88,28.4,27.74
3/16/12,28.05,4297956,28.33,28.5,27.68
3/19/12,28.66,4235226,28.16,29.01,27.95
3/20/12,28.27,4090982,28.48,28.58,27.82
3/21/12,28.49,3353602,28.44,28.73,28.32
3/22/12,28.4,4395762,28.22,28.64,27.93
3/23/12,28.16,4551446,28.43,28.43,27.9
3/26/12,28.52,3817926,28.55,28.81,28.262
3/27/12,28.61,3336947,28.6,28.78,28.25
3/28/12,27.82,3547110,28.65,28.76,27.42
3/29/12,27.66,3537017,27.62,27.79,27.05
3/30/12,27.65,2534898,27.87,28.02,27.35
4/2/12,27.71,2901060,27.66,27.955,27.34
4/3/12,27.53,2514294,27.79,28,27.33
4/4/12,26.38,5742887,27.1,27.22,26.11
4/5/12,26.94,3434113,26.2,26.9899,26.1986
4/9/12,26.35,2760701,26.26,26.77,26.08
4/10/12,25.75,5008100,26.37,27.04,25.68
4/11/12,26.35,3515343,26.15,26.54,25.76
4/12/12,27.02,2528500,26.31,27.47,26.24
4/13/12,26.29,2335980,26.92,27.1,26.24
4/16/12,26.05,2688198,26.55,26.78,25.69
4/17/12,26.9,2854529,26.31,26.95,26.25
4/18/12,27.23,3801075,26.62,27.36,26.42
4/19/12,25.91,9898174,27.23,27.25,25.629
4/20/12,24.38,13381050,25.87,25.95,24.14
4/23/12,23.31,9455982,23.64,23.74,23.11
4/24/12,23.76,7423880,23.29,23.94,23.16
4/25/12,25.22,7483748,25.51,25.76,24.66
4/26/12,25.5,7232995,24.87,25.61,24.67
4/27/12,27.81,10043550,26.85,28.15,26.64
4/30/12,27.14,5035250,27.59,27.77,27.02
5/1/12,27.2,3371109,27.1,27.69,26.84
5/2/12,27.29,4212577,26.8,27.44,26.5
5/3/12,26.15,3455037,27.28,27.45,25.955
5/4/12,25.57,4282303,25.84,26.23,25.46
5/7/12,25.25,3511391,25.24,25.71,24.94
5/8/12,24.67,7741365,25.1,25.13,24.01
5/9/12,24.92,5412783,24.21,25.06,23.84
5/10/12,25.24,4441643,25.27,25.36,24.5
5/11/12,25.39,4058023,24.89,25.81,24.49
5/14/12,24.91,3011572,24.9,25.09,24.52
5/15/12,25.54,6200369,24.87,26.11,24.6
5/16/12,25.705,6317709,25.75,26.23,25.46
5/17/12,24.5,4151506,25.66,25.885,24.46
5/18/12,23.43,5487950,24.41,24.48,23.315
5/21/12,25.09,3681383,23.57,25.15,23.25
5/22/12,25.53,4401140,25.09,25.66,24.67
5/23/12,26.11,4200519,24.95,26.2,24.89
5/24/12,25.51,4019112,26.24,26.24,25.2
5/25/12,25.68,3140715,25.65,26.38,25.63
5/29/12,26.98,5322029,25.9,27,25.81
5/30/12,25.805,3954100,26.62,26.73,25.67
5/31/12,26.86,5479978,25.93,27.08,25.43
6/1/12,25.23,3677390,25.79,26.21,25.17
6/4/12,25.84,5081058,25.46,25.955,24.92
6/5/12,26.71,3414203,25.8,26.92,25.71
6/6/12,28.4,6525477,27.04,28.51,26.88
6/7/12,27.47,4685081,28.51,29.09,27.38
6/8/12,27.96,2548313,27.48,28.04,27.11
6/11/12,26.9,3765611,28.43,28.49,26.75
6/12/12,27.76,3442563,27.12,27.83,26.7
6/13/12,28.37,5512597,27.76,28.67,27.45
6/14/12,27.42,6814461,28.25,28.3,26.8399
6/15/12,28.1,4627143,27.13,28.22,27.01
6/18/12,28.26,3475671,27.8,28.38,27.58
6/19/12,28.07,3085357,28.51,28.51,28.01
6/20/12,28.19,2435415,28.11,28.49,27.8
6/21/12,26.66,3890083,28.11,28.15,26.54
6/22/12,26.85,3357185,27.33,27.38,26.29
6/25/12,25.48,3501668,26.44,26.62,25.22
6/26/12,25,4686329,25.6,25.71,24.68
6/27/12,25.76,3176699,25.25,25.91,25
6/28/12,25.79,3341169,25.5,25.94,25.2
6/29/12,27.32,3698815,26.54,27.4,26.43
7/2/12,27.24,2345846,27.21,27.42,26.7
7/3/12,27.68,1155044,27.21,27.8,27.21
7/5/12,27.6,2333636,27.45,27.74,27.25
7/6/12,26.49,2477832,27.38,27.43,26.1
7/9/12,26.65,3464010,26.36,26.945,25.9399
7/10/12,25.78,3223171,26.72,27.18,25.58
7/11/12,25.84,2773034,25.83,26.25,25.5601
7/12/12,26.32,3412000,25.65,26.4325,25.05
7/13/12,26.82,3526236,26.34,26.95,26.15
7/16/12,25.86,3815735,26.55,26.73,25.57
7/17/12,25.52,3480964,26,26.15,25.25
7/18/12,26.64,5270830,25.39,26.85,25.39
7/19/12,29.17,14691180,28.98,29.75,28.5
7/20/12,28.575,4460008,28.54,28.99,28.38
7/23/12,27.54,5441871,27.99,28,27.27
7/24/12,26.57,5776251,27.68,27.98,26.32
7/25/12,26.75,5761735,26.92,27.4693,26.6201
7/26/12,27.405,2848420,27.33,27.59,27
7/27/12,28.12,3959697,27.7,28.275,27.28
7/30/12,27.83,2521364,28.38,28.67,27.52
7/31/12,28.93,7678363,28.53,30.1,28.21
8/1/12,28.18,4609412,29.03,29.48,28.08
8/2/12,27.87,4167105,27.84,28.218,27.15
8/3/12,28.32,3637181,28.5,28.5,28.02
8/6/12,28.5,2171466,28.49,28.69,28.115
8/7/12,29.06,2889465,28.55,29.49,28.55
8/8/12,28.65,2249328,28.81,29.07,28.52
8/9/12,29,2364021,28.66,29.14,28.64
8/10/12,29.63,2610873,28.85,29.69,28.67
8/13/12,29.39,2684668,29.42,29.57,28.97
8/14/12,29.23,2599703,29.63,29.73,29.125
8/15/12,28.58,3362597,29.17,29.37,28.48
8/16/12,29.63,3909117,28.67,29.76,28.52
8/17/12,29.8,2843603,29.712,29.87,29.4
8/20/12,29.46,3446010,29.8,29.8,29.15
8/21/12,29.65,4706332,29.68,30.07,29.47
8/22/12,29.24,2310719,29.63,29.64,29.0295
8/23/12,29.79,4925201,29.29,30.14,29.05
8/24/12,29.64,2566012,29.67,29.83,29.3
8/27/12,28.95,2446374,29.8,29.91,28.86
8/28/12,29.49,2427269,28.87,29.56,28.74
8/29/12,29.73,2105941,29.64,29.85,29.29
8/30/12,29.4,2559148,29.51,29.6,29.03
8/31/12,30.46,4865009,29.71,30.54,29.38
9/4/12,30.015,5237990,29.85,30.175,29
9/5/12,29.2,3014213,29.94,30.05,29.06
9/6/12,31.18,5982926,29.66,31.19,29.61
9/7/12,31.16,3199084,31.135,31.44,30.7
9/10/12,29.91,4469074,31.03,31.3299,29.85
9/11/12,29.46,4179004,30.02,30.13,29.39
9/12/12,29.059,6169310,29.7,29.7,28.75
9/13/12,28.93,5209732,29.29,29.75,28.78
9/14/12,29.61,4269781,29.03,29.93,28.99
9/17/12,29,2703146,29.67,29.74,28.9108
9/18/12,29.22,3461372,28.92,29.34,28.65
9/19/12,29.48,3524397,29.25,29.65,28.99
9/20/12,24.0292,33906480,28.1,28.5,23.27
9/21/12,24.805,22268290,24.8163,25.99,24.631
9/24/12,24.03,9020169,24.38,24.6,23.9
9/25/12,23.51,7287671,24.35,24.45,23.43
9/26/12,23.18,8000013,23.34,23.53,22.3599
9/27/12,23.95,6187664,23.9,24.12,23.36
9/28/12,23.56,5226366,23.98,24.26,23.45
10/1/12,22.99,6699200,23.7,23.7499,22.88
10/2/12,23.42,4450265,23.26,23.5,23.01
10/3/12,23.385,3252935,23.6,23.75,23.16
10/4/12,23.54,3063809,23.58,23.59,23.01
10/5/12,23.5,5435892,24,24.45,23.455
10/8/12,23.15,2824274,23.36,23.68,23.04
10/9/12,22.98,4414776,23.15,23.21,22.6
10/10/12,22.48,4380438,22.98,23.04,22.43
10/11/12,22.405,3229052,22.73,22.81,22.2
10/12/12,22.17,3158863,22.27,22.44,21.96
10/15/12,22.51,2938388,22.29,22.58,22.05
10/16/12,23.55,5410985,22.53,23.58,22.49
10/17/12,23.145,3345778,23.49,23.65,23.04
10/18/12,22.5498,3047170,23.06,23.1,22.52
10/19/12,22.14,3706052,22.56,22.56,22.11
10/22/12,22.59,4825536,22.1,22.62,21.98
10/23/12,22.71,3766895,22.23,22.77,22.1
10/24/12,22.68,2722923,23.1,23.17,22.59
10/25/12,22.87,4262720,23.44,23.838,22.77
10/26/12,23.17,3585537,23.1,23.55,22.59
10/31/12,23.39,3277553,23.05,23.58,23
11/1/12,24.08,5723128,23.27,24.21,23.15
11/2/12,19.95,17253730,22.41,22.63,19.75
11/5/12,20.845,9767629,20.21,20.89,19.21
11/6/12,20.8361,3725881,20.93,21.14,20.7
11/7/12,20.07,4406460,20.46,20.65,20.01
11/8/12,20.02,3118893,20.34,20.6,20
11/9/12,20.57,4249412,20.2,20.75,20.05
11/12/12,20.805,3646206,20.58,20.99,20.44
11/13/12,20.85,3803970,20.29,21.02,20.26
11/14/12,20.73,3139249,20.95,21.0699,20.5504
11/15/12,20.25,3879438,20.74,20.895,20.21
11/16/12,19.82,4451925,20.23,20.26,19.51
11/19/12,20.66,6012625,20.35,20.87,20.2
11/20/12,21.05,3773213,20.64,21.09,20.3785
11/21/12,21.35,2309425,21.13,21.48,21.08
11/23/12,21.77,1554397,21.4,21.8,21.29
11/26/12,21.63,2494721,21.58,21.93,21.54
11/27/12,21.65,3131572,21.46,21.88,21.25
11/28/12,21.56,3409503,21.42,21.64,20.97
11/29/12,22.41,5824372,21.69,22.44,21.619
11/30/12,22.65,4616368,22.31,22.74,22.29
12/3/12,22.75,5497785,22.83,23.085,22.64
12/4/12,23.17,5047354,22.7,23.2,22.685
12/5/12,23.51,6470812,23.07,23.58,22.97
12/6/12,23.37,3890135,23.43,23.68,23.23
12/7/12,22.84,3485733,23.44,23.5,22.64
12/10/12,22.33,4434482,22.79,22.84,22.28
12/11/12,22.88,2739526,22.59,23.69,22.43
12/12/12,22.5,3630648,23.06,23.095,22.442
12/13/12,21.05,11207660,22.4,22.4495,20.84
12/14/12,19.8,12054760,20.73,20.73,19.25
12/17/12,20.755,5566006,20.07,20.76,19.71
12/18/12,21.1,5575367,20.98,21.2,20.93
12/19/12,20.87,3954845,21.14,21.29,20.8
12/20/12,20.4,4280957,20.86,20.9,20.27
12/21/12,20.08,6132332,19.92,20.18,19.61
12/24/12,20.27,1687637,20.19,20.35,20.0101
12/26/12,19.8,2616585,20.25,20.37,19.79
12/27/12,19.97,3182781,19.85,20.02,19.64
12/28/12,19.88,2395060,19.85,20.17,19.8
12/31/12,20.3,3329633,19.82,20.33,19.73
1/2/13,21.65,5464737,21.04,21.75,21.04
1/3/13,21.49,3063516,21.83,22.04,21.43
1/4/13,20.95,6131025,21.5,21.57,20.6
1/7/13,21.26,2651027,20.89,21.49,20.77
1/8/13,20.41,4622034,21.22,21.27,20.35
1/9/13,21.01,3096256,20.7,21.1,20.47
1/10/13,21.32,4736780,21.65,22.01,21.22
1/11/13,21.37,2048916,21.38,21.55,21.0701
1/14/13,21.01,3050200,20.63,21.28,20.62
1/15/13,20.5,3808253,20.86,20.97,20.25
1/16/13,21.31,4018879,20.62,21.5,20.44
1/17/13,21.655,3568181,21.46,21.81,21.35
1/18/13,20.88,4199470,21.55,21.82,20.84
1/22/13,20.76,4113683,21.01,21.1702,20.72
1/23/13,21.835,5308716,21.09,22.31,20.8
1/24/13,21.44,7083234,20.76,22.11,20.45
1/25/13,21.05,4184877,21.58,21.81,20.98
1/28/13,21.31,4536739,21.39,21.61,21.16
1/29/13,21.17,4445559,21.45,21.51,21.1
1/30/13,21.56,7423769,21.15,21.835,21.15
1/31/13,23.94,13523250,24.29,24.685,23.7801
2/1/13,24.33,7411067,24.26,24.68,24.08
2/4/13,23.53,5318298,24,24.5,23.34
2/5/13,23.59,3029511,23.69,23.82,23.43
2/6/13,24.18,3889232,23.73,24.19,23.56
2/7/13,23.77,2946615,24.02,24.25,23.55
2/8/13,23.93,2522548,23.87,24.31,23.87
2/11/13,24.25,2387664,23.87,24.34,23.73
2/12/13,24.2,2991270,24.14,24.5,24.03
2/13/13,24.3,2684874,24.21,24.5,24.06
2/14/13,24.97,4413204,24.12,25.04,24.1
2/15/13,24.5,2876718,24.95,25,24.39
2/19/13,24.54,2511078,24.75,25.1,24.48
2/20/13,23.62,3726710,24.54,24.57,23.57
2/21/13,21.16,20353770,23.4,23.48,20.4
2/22/13,21.85,9045861,21.65,22.34,21.6
2/25/13,20.93,7596183,21.96,22.08,20.9
2/26/13,20.44,5795976,21.1,21.15,20.28
2/27/13,21.19,5225137,20.35,21.46,20.35
2/28/13,21.3,3672072,21.5,21.64,21.2
3/1/13,20.7,5449368,21.08,21.18,20.6
3/4/13,20.42,5357910,20.68,20.825,20.25
3/5/13,20.87,6769540,20.67,20.96,20.36
3/6/13,21.16,6465013,20.9,21.24,20.48
3/7/13,21.09,2768163,21.33,21.51,21.04
3/8/13,21.4,2690506,21.23,21.51,21.05
3/11/13,21.44,2944899,21.3,21.635,21.15
3/12/13,21.51,2782907,21.36,21.66,21.33
3/13/13,22.17,3842735,21.55,22.5599,21.52
3/14/13,22.3,2863779,22.42,22.67,22.16
3/15/13,21.74,6060914,22.24,22.479,21.66
3/18/13,21.57,3395151,21.36,21.745,20.98
3/19/13,21.635,3211197,21.69,21.8493,21.4175
3/20/13,21.68,2570426,21.75,21.93,21.4
3/21/13,21.52,2945161,21.44,21.67,21.13
3/22/13,21.49,2560591,21.58,21.695,21.33
3/25/13,21.27,2927920,21.69,21.81,21.15
3/26/13,21.6,2986748,21.48,21.76,21.16
3/27/13,21.64,2706379,21.54,21.768,21.21
3/28/13,22.025,2027561,21.59,22.06,21.54
4/1/13,21.2,2798380,21.98,22.08,21.15
4/2/13,20.97,3668429,21.33,21.55,20.85
4/3/13,20.53,3755423,21.07,21.119,20.35
4/4/13,21.01,2588945,20.52,21.02,20.44
4/5/13,20.91,2291499,20.58,20.95,20.25
4/8/13,21.24,1829990,20.88,21.29,20.77
4/9/13,21.1,1859020,21.37,21.39,20.83
4/10/13,21.84,2975914,21.23,22.02,21.1
4/11/13,22.42,5056348,21.66,22.5,21.51
4/12/13,22.105,3538040,22.14,22.35,21.92
4/15/13,21.25,2470160,21.99,22.13,21.22
4/16/13,21.64,2383562,21.56,21.7,21.23
4/17/13,20.68,4466539,21.31,21.35,20.49
4/18/13,20.15,2475680,20.84,20.99,20.1
4/19/13,20.17,3029646,20.16,20.32,19.57
4/22/13,20.58,3859243,20.17,20.62,19.57
4/23/13,20.8,3583247,20.8,21.32,20.63
4/24/13,21.439,3246383,21.06,21.6,20.86
4/25/13,22.02,5240944,21.47,22.26,21.45
4/26/13,21.42,5431623,22.03,22.3,21.05
4/29/13,22.05,5946344,21.66,22.35,21.31
4/30/13,22.07,3773150,21.92,22.12,21.69
5/1/13,21.57,3914848,22.17,22.175,21.37
5/2/13,21.95,2329561,21.72,22.03,21.61
5/3/13,22.36,3215505,22.24,22.61,22.12
5/6/13,23.04,3587528,22.49,23.34,22.46
5/7/13,22.68,2992349,23.01,23.0899,22.495
5/8/13,23.01,2419057,22.68,23.08,22.62
5/9/13,23.26,2186752,22.91,23.4,22.8101
5/10/13,23.69,3351502,23.2,23.78,23.2
5/13/13,23.56,2688511,23.68,23.8,23.43
5/14/13,23.68,2912509,23.54,23.78,23.49
5/15/13,23.95,2404748,23.55,23.95,23.5
5/16/13,23.6,2614216,23.77,24.08,23.535
5/17/13,23.89,2800449,23.81,23.91,23.582
5/20/13,23.73,1905115,23.76,23.89,23.55
5/21/13,23.68,2089724,23.73,24,23.54
5/22/13,23.23,2736590,23.75,23.89,22.98
5/23/13,23.09,3055588,22.72,23.21,22.335
5/24/13,22.64,2757259,22.92,22.972,22.32
5/28/13,22.86,2131116,23,23.16,22.71
5/29/13,22.58,2731150,22.74,22.755,22.41
5/30/13,23.64,4906415,22.94,23.73,22.86
5/31/13,23.86,5957220,23.62,24.58,23.5079
6/3/13,23.57,3233320,24.04,24.15,23.375
6/4/13,23.6,3129067,23.54,24.01,23.275
6/5/13,23.13,3629107,23.44,23.55,22.93
6/6/13,22.66,6071285,23.24,23.29,21.9
6/7/13,22.4,3956623,22.63,22.75,21.84
6/10/13,22.17,2170751,22.46,22.58,22.14
6/11/13,21.34,3848331,21.87,21.97,21.285
6/12/13,20.72,3655611,21.5,21.59,20.615
6/13/13,21.98,4660392,20.94,22.0901,20.87
6/14/13,21.77,1803229,22.34,22.34,21.73
6/17/13,21.83,1371978,22,22.15,21.69
6/18/13,22.31,2406557,21.92,22.46,21.92
6/19/13,22.21,3406771,22.37,22.6,22.2
6/20/13,21.62,3954567,21.88,22.09,21.55
6/21/13,21.8,4304660,21.77,22,21.351
6/24/13,21.16,5310884,21.54,21.57,20.95
6/25/13,21.4,3048127,21.44,21.629,21.11
6/26/13,21.764,3240883,21.71,22.06,21.55
6/27/13,21.6,2758640,21.95,22.16,21.45
6/28/13,21.89,3457374,21.42,22.08,21.33
7/1/13,21.92,1592608,22.1,22.27,21.86
7/2/13,21.58,2548129,21.86,22.146,21.46
7/3/13,21.81,1438032,21.51,21.99,21.44
7/5/13,21.85,1873414,22,22.01,21.63
7/8/13,20.985,3514422,21.96,22.01,20.95
7/9/13,21.35,3146960,21.15,21.37,20.97
7/10/13,21.47,2476158,21.3,21.75,21.3
7/11/13,21.94,2765193,21.75,21.99,21.6
7/12/13,22.19,2752097,21.94,22.49,21.94
7/15/13,21.94,3004922,22.21,22.4,21.89
7/16/13,22.74,3215830,21.95,22.77,21.95
7/17/13,22.82,2318251,22.85,23.04,22.68
7/18/13,22.45,6429437,22.95,23.065,22.235
7/19/13,23.89,15355710,24.27,24.94,23.85
7/22/13,23.93,3929820,23.89,24,23.4
7/23/13,24.25,2927049,24.11,24.37,23.915
7/24/13,24.51,6290506,24.5,24.84,24.32
7/25/13,24.41,3180137,24.4,24.58,24.185
7/26/13,23.95,2716756,24.24,24.27,23.75
7/29/13,23.6,2381702,23.72,24.08,23.55
7/30/13,23.77,1863020,23.63,24.05,23.6
7/31/13,24.035,3079041,23.75,24.25,23.51
8/1/13,24.74,3759476,24.2,24.85,24.13
8/2/13,24.61,2271738,24.52,24.71,24.3
8/5/13,24.65,1763225,24.53,24.78,24.53
8/6/13,24.26,1862177,24.57,24.655,24.11
8/7/13,23.63,3407662,24.02,24.205,23.61
8/8/13,23.64,2098330,23.77,23.91,23.5
8/9/13,23.75,2209230,23.57,24.03,23.57
8/12/13,24.25,2380293,23.75,24.45,23.75
8/13/13,24.74,2401119,24.25,24.82,24.06
8/14/13,24.68,3484213,24.75,24.8,24.46
8/15/13,24.41,2473240,24.36,24.58,24.04
8/16/13,24.5,1940756,24.36,24.73,24.33
8/19/13,24.49,2433482,24.44,24.85,24.43
8/20/13,24.85,3274126,24.55,25.19,24.53
8/21/13,24.77,1927611,24.73,25.015,24.62
8/22/13,25.09,1140185,24.82,25.29,24.78
8/23/13,25.16,1539191,25.36,25.36,24.8012
8/26/13,25.21,1499437,25.13,25.39,24.99
8/27/13,24.44,3175858,25,25.03,24.33
8/28/13,25.36,3856741,24.46,25.55,24.44
8/29/13,25.92,3247835,25.41,26.1,25.34
8/30/13,25.36,3239674,26,26,25.05
9/3/13,25.41,3325161,25.76,26.09,25.01
9/4/13,25.821,2289637,25.56,25.99,25.3755
9/5/13,25.91,1918200,25.87,26.0499,25.36
9/6/13,25.72,2942378,26,26.05,25.45
9/9/13,25.99,2282199,25.89,26.18,25.76
9/10/13,26.33,2768839,26.22,26.46,26.02
9/11/13,25.58,6116408,26.2,26.2,25.525
9/12/13,25.4,2556978,25.62,25.75,25.28
9/13/13,25.27,1957668,25.38,25.63,25.12
9/16/13,25.31,1879149,25.59,25.64,25.23
9/17/13,25.68,2812107,25.44,25.89,25.4
9/18/13,25.769,1814453,25.75,25.91,25.52
9/19/13,25.63,1704117,25.88,25.91,25.535
9/20/13,25.59,3584431,25.68,26,25.59
9/23/13,25.86,3084567,26.15,26.3,25.63
9/24/13,25.83,2379060,25.85,26.12,25.57
9/25/13,25.125,3925704,25.57,25.615,24.88
9/26/13,25.01,2333290,25.15,25.41,24.86
9/27/13,24.77,2441077,24.86,25.15,24.55
9/30/13,24.84,2199200,24.47,25.0686,24.26
10/1/13,25.56,3182661,24.93,25.61,24.8501
10/2/13,25.19,2121967,25.3,25.68,25.08
10/3/13,24.92,2039010,25.1,25.31,24.65
10/4/13,25.64,2479685,25.04,25.85,24.94
10/7/13,25.29,1573951,25.38,25.66,25.12
10/8/13,24.87,2147064,25.14,25.44,24.69
10/9/13,24.7,1968640,24.9,24.95,24.5399
10/10/13,25.08,2241226,24.95,25.23,24.95
10/11/13,25.05,1898146,25,25.16,24.88
10/14/13,25.21,1701342,24.82,25.27,24.76
10/15/13,24.85,1964687,25.18,25.3,24.81
10/16/13,25.189,2031992,25.07,25.24,24.92
10/17/13,24.6,4069659,25.07,25.085,24.54
10/18/13,24.92,2740318,24.71,24.94,24.31
10/21/13,25.6,2537044,25,25.61,24.985
10/22/13,25.3,2395505,25.63,25.7,25.085
10/23/13,23.84,7184965,24.92,24.94,23.27
10/24/13,23.71,4276441,23.6,23.86,23.415
10/25/13,23.86,2413063,23.85,24,23.74
10/28/13,24.24,3159779,24.07,24.375,24.02
10/29/13,24.605,2396731,24.42,24.64,24.36
10/30/13,24.48,3971811,24.62,24.74,24.27
10/31/13,25.8,7206675,26.3,26.3,25.6
11/1/13,25.97,4626365,25.86,26.13,25.82
11/4/13,25.81,2257818,26.14,26.15,25.77
11/5/13,25.81,1783556,25.68,26.01,25.46
11/6/13,26.18,2206929,26,26.2,25.78
11/7/13,25.25,3472405,26.13,26.2,25.21
11/8/13,25.35,2034382,25.28,25.41,25
11/11/13,25.15,1972741,25.21,25.28,24.88
11/12/13,25.56,3429919,24.98,25.755,24.97
11/13/13,26.01,2516345,25.53,26.07,25.44
11/14/13,26.07,1889980,26.03,26.25,25.94
11/15/13,25.93,1644606,26.07,26.2,25.88
11/18/13,25.33,2616101,26,26,25.29
11/19/13,25.12,2418408,25.68,25.8,25.05
11/20/13,25.67,3073870,25.12,25.89,25.11
11/21/13,26.57,3682302,25.8,26.67,25.67
11/22/13,26.51,1881003,26.27,26.65,26.27
11/25/13,26.72,1693429,26.59,26.75,26.22
11/26/13,26.48,2227465,26.47,26.6998,26.33
11/27/13,26.61,1741805,26.44,26.65,26.3
11/29/13,26.59,865943,26.63,26.78,26.51
12/2/13,27.18,3088803,26.59,27.37,26.43
12/3/13,27.58,2986785,27.11,27.64,27.05
12/4/13,27.63,2589932,27.4,27.74,27.1896
12/5/13,28.15,2782692,27.8,28.3096,27.7
12/6/13,27.5,3264586,28.48,28.48,27.465
12/9/13,28.43,3125487,27.69,28.54,27.49
12/10/13,28.24,1863603,28.41,28.5,28.06
12/11/13,27.87,1930231,28.35,28.56,27.84
12/12/13,27.73,1609335,27.85,28.13,27.6304
12/13/13,27.32,2170693,27.68,27.76,27.28
12/16/13,27.67,2249762,27.5,27.87,27.41
12/17/13,28.41,3261446,27.78,28.609,27.67
12/18/13,27.97,2639179,28.35,28.443,27.61
12/19/13,27.47,2490458,28.09,28.09,27.44
12/20/13,27.685,4204141,27.56,27.96,27.47
12/23/13,27.86,2338160,28,28.2097,27.85
12/24/13,28.08,1287835,27.94,28.37,27.9
12/26/13,27.92,1774993,28.23,28.42,27.77
12/27/13,27.85,1479420,27.96,28.09,27.78
12/30/13,28.32,1573235,27.89,28.38,27.86
12/31/13,28.56,1593922,28.29,28.64,28.22
1/2/14,27.4,3533895,28.3,28.34,27.2
1/3/14,27.72,1974176,27.4,27.75,27.4
1/6/14,27.63,2180175,27.87,27.926,27.35
1/7/14,27.79,1799073,27.65,28,27.61
1/8/14,27.92,2729846,27.95,28.04,27.755
1/9/14,27.72,2920129,28.06,28.06,27.53
1/10/14,27.75,1956370,27.66,27.84,27.4
1/13/14,28.44,4978289,28.38,29.21,28.14
1/14/14,28.92,2492598,28.64,29.17,28.61
1/15/14,29.11,2792292,29.14,29.3,28.9
1/16/14,28.62,6570674,29.11,29.15,28.375
1/17/14,30.53,13656990,31.55,31.8,30.27
1/21/14,31.22,6945996,30.61,31.32,30.56
1/22/14,31.59,4008741,31.37,31.69,31.319
1/23/14,31.43,3103281,31.55,31.67,31.02
1/24/14,30.77,3002349,31.27,31.35,30.655
1/27/14,30.38,2971234,30.98,31.155,30.22
1/28/14,30.05,6464103,29.51,30.11,29.02
1/29/14,30.14,4445453,29.95,30.276,29.61
1/30/14,30.56,1864903,30.64,30.69,30.15
1/31/14,30.25,1936671,30.21,30.68,30.2
2/3/14,29.57,4866300,30.15,30.29,29.285
2/4/14,29.71,2782035,29.76,29.84,29.34
2/5/14,29.86,2347924,29.53,30.14,29.25
2/6/14,30.26,2566549,30.11,30.73,30
2/7/14,30.47,1617969,30.41,30.69,30.345
2/10/14,30.7,2131452,30.57,31.06,30.5
2/11/14,31.09,3382024,30.81,31.585,30.66
2/12/14,32.12,3845657,31.31,32.135,31.3
2/13/14,32.11,2927593,31.99,32.189,31.75
2/14/14,32,1813355,32.1,32.2,31.83
2/18/14,31.8,2682262,32.14,32.145,31.57
2/19/14,31.32,2467819,31.68,31.8,31.27
2/20/14,33.32,8257415,32,33.4,31.9
2/21/14,32.72,3552614,33.44,33.44,32.69
2/24/14,34.4,7784305,33.7,34.45,33.3
2/25/14,33.76,4151075,34.49,34.6,33.58
2/26/14,35.02,4803366,33.7,35.05,33.7
2/27/14,34.95,3526286,34.88,35.13,34.5
2/28/14,35.46,5196958,34.84,35.98,34.83
3/3/14,36.2,5168755,35.31,36.3,34.86
3/4/14,36.75,5712677,36.62,36.98,36.08
3/5/14,36.8,2752521,36.83,36.965,36.54
3/6/14,37,3119102,37.03,37.315,36.8299
3/7/14,36.65,2843298,37.22,37.24,36.41
3/10/14,36.5,1871986,36.43,36.95,36.12
3/11/14,36.23,2538509,36.65,36.77,36.03
3/12/14,37.32,4157862,36.22,37.48,36.0515
3/13/14,36.83,3269814,37.43,37.69,36.52
3/14/14,36.68,2514202,36.6,37.05,36.6
3/17/14,36.88,1963417,36.82,37.08,36.68
3/18/14,37.49,1714287,37.2,37.59,36.88
3/19/14,37.69,2169557,37.42,38.14,37.31
3/20/14,39.27,4666520,37.69,39.335,37.6
3/21/14,37.55,5640440,39.22,39.33,37.48
3/24/14,37.38,3035009,37.84,38.16,37.04
3/25/14,37.72,1975840,37.81,38.261,37.58
3/26/14,36.74,3192864,37.88,38.2,36.67
3/27/14,36.91,2433015,37.42,37.44,36.54
3/28/14,36.94,1812696,37.14,37.24,36.7775
3/31/14,37.52,2784988,37.32,37.98,37.3
4/1/14,37.61,3787234,37.52,37.83,36.94
4/2/14,37.58,2693996,37.73,37.82,37.13
4/3/14,37.67,2066564,37.58,38.3,37.44
4/4/14,35.9,3838412,37.99,38.15,35.77
4/7/14,35.72,3542870,35.6,36.47,35.1
4/8/14,36.02,2235906,35.78,36.38,35.48
4/9/14,36.89,2312380,36.54,37.05,36.28
4/10/14,35.51,2376226,36.82,36.97,35.44
4/11/14,34.9,2376296,35,35.76,34.3004
4/14/14,35.33,2351589,35.23,35.675,34.9
4/15/14,35.76,2958250,35.36,35.915,34.98
4/16/14,35.81,3118724,35.92,35.92,34.96
4/17/14,36.08,2832447,35.57,36.52,35.56
4/21/14,37.02,3950277,36.53,37.13,36.19
4/22/14,37.96,6526096,37.21,37.97,36.87
4/23/14,41.5,11141380,41.5,41.97,40.36
4/24/14,42.16,4798562,41.63,42.49,41.23
4/25/14,41.46,3114614,41.51,42.15,41
4/28/14,41.38,4050108,41.9,42.3,40.35
4/29/14,41.03,3520363,41.63,41.8508,40.97
4/30/14,41.05,3253496,41.03,41.47,40.86
5/1/14,41.25,2441981,41.2,41.93,40.95
5/2/14,41.43,1953575,41.45,41.65,40.91
5/5/14,41.97,2196858,41.38,42.15,41.01
5/6/14,41.37,2325114,42.06,42.16,41.27
5/7/14,41.05,3137177,41.51,41.54,39.95
5/8/14,41.44,3117955,40.99,42.45,40.6702
5/9/14,41.35,1862706,41.14,41.49,40.69
5/12/14,42.72,3195914,41.58,42.97,41.55
5/13/14,42.52,3509429,43,44.17,42.42
5/14/14,41.92,2482065,42.5,42.6,41.84
5/15/14,40.84,4786859,41.84,41.99,40.08
5/16/14,40.75,2620537,40.76,40.87,40.141
5/19/14,41.11,2447801,40.7,41.54,40.66
5/20/14,40.53,2646638,41,41.075,40.25
5/21/14,41.26,1865272,40.77,41.39,40.6901
5/22/14,41.24,1911199,41.53,41.88,41.21
5/23/14,41.79,2125785,41.23,41.97,40.94
5/27/14,42.175,1909118,42.18,42.38,41.85
5/28/14,42.24,2505840,42.32,42.45,41.8
5/29/14,42.91,2728406,42.41,43.2,42.33
5/30/14,43.31,3096162,43,43.63,42.868
6/2/14,43.07,2506522,43.91,44.78,42.9
6/3/14,45.65,7166271,44.65,45.89,44.25
6/4/14,46.76,4013912,45.5,46.79,45.5
6/5/14,46.48,3104299,46.84,46.97,46.03
6/6/14,46.81,2775390,46.69,46.94,46.16
6/9/14,46.69,2906095,47.06,47.36,46.6
6/10/14,46.88,3484052,46.71,46.96,45.88
6/11/14,47.81,4093147,46.98,48.32,46.93
6/12/14,46.92,3414220,47.63,48.168,46.69
6/13/14,47.19,2359272,47.2,47.85,47.03
6/16/14,47.37,2526419,47.05,47.61,46.77
6/17/14,47.947,3381784,47.24,48.57,47.16
6/18/14,47.53,2010630,48.14,48.14,47.33
6/19/14,47.48,2137859,47.57,47.9,46.93
6/20/14,48.34,2889450,47.66,48.5,47.46
6/23/14,47.89,2608353,48.86,49.1,47.68
6/24/14,46.81,3668731,48.04,48.15,46.42
6/25/14,46.79,4192373,46.8,46.93,45.26
6/26/14,46.36,2553975,47.13,47.15,45.75
6/27/14,46.06,4512124,46.16,46.33,45.76
6/30/14,46.96,3068394,46.29,47.05,46.29
7/1/14,47.73,3675217,47.27,48.28,47.27
7/2/14,47.62,1997338,47.55,48,47.2337
7/3/14,48.09,1522151,47.9,48.21,47.59
7/7/14,47.39,2682727,48,48.59,47.31
7/8/14,47.17,3412843,47.2,47.3799,46
7/9/14,47.67,2450494,47.04,47.79,46.63
7/10/14,46.85,3531075,46.15,47.26,45.5
7/11/14,47.23,1977144,46.64,47.35,46.588
7/14/14,47.46,1908114,47.57,47.86,47.11
7/15/14,47.55,2582273,47.51,47.75,46.83
7/16/14,47.78,3488170,47.81,48.2,47.41
7/17/14,46.34,6152027,47.66,47.87,46.21
7/18/14,52.87,18349430,50.11,53.45,49.67
7/21/14,54.24,6949329,52.7,54.5,52.6175
7/22/14,54.22,4439914,54.3,54.4,53.56
7/23/14,53.45,3668950,54.24,54.26,53.41
7/24/14,52.65,3826386,53.4,53.76,52.41
7/25/14,51.44,4108080,52.68,52.7,51.36
7/28/14,52.18,3609953,51.67,52.34,50.75
7/29/14,52.14,2960377,52.26,52.97,52.06
7/30/14,52.17,2416987,52.41,52.76,51.6801
7/31/14,50.76,3666521,51.5,51.76,50.27
8/1/14,52.07,3960734,50.29,52.34,50.27
8/4/14,52.12,2712183,52.37,52.53,51.4247
8/5/14,51.89,2505302,51.67,52.204,51.32
8/6/14,52.15,2417052,51.75,52.49,51.73
8/7/14,51.13,3033362,52.4,52.75,50.88
8/8/14,51.27,3130809,51.12,51.35,50.47
8/11/14,52.12,2425577,51.99,52.72,51.6
8/12/14,52.41,2215160,52.6,52.655,51.51
8/13/14,54.01,3863566,52.42,54.05,52.36
8/14/14,53.5,2771585,54.12,54.311,53.12
8/15/14,54.39,2909570,53.97,54.88,53.5
8/18/14,54.3,2754742,54.68,54.78,53.5
8/19/14,55.38,2574383,54.32,55.64,54.3
8/20/14,55.82,1819275,55.01,56.08,55.01
8/21/14,55.26,1847778,55.87,55.99,55.09
8/22/14,55.15,2223057,55.42,55.45,54.51
8/25/14,54.76,2225206,55.6,55.66,54.6103
8/26/14,54.7,2328053,54.87,54.89,53.88
8/27/14,54.86,1853071,55.02,55.13,53.99
8/28/14,55.54,1838970,54.49,55.66,54.18
8/29/14,56.66,3070889,56.12,56.94,56.1
9/2/14,56.29,3326527,57.16,57.18,56.11
9/3/14,55.49,3586571,56.32,56.56,54.76
9/4/14,54.94,2594847,55.65,56.16,54.7
9/5/14,56.28,2561108,54.9,56.3,54.88
9/8/14,56.52,2193126,56.49,56.74,56
9/9/14,55.625,2341275,56.59,56.76,55.62
9/10/14,56.01,2099808,55.63,56.19,54.8
9/11/14,55.84,1750274,55.55,55.9999,55.19
9/12/14,55.02,2518984,55.83,55.93,54.82
9/15/14,54,3015630,55.02,55.44,53.71
9/16/14,55.82,3092555,53.76,55.9,53.53
9/17/14,55.88,2025922,55.66,56.24,55.36
9/18/14,57.8,3536154,56.52,57.98,56.245
9/19/14,57.68,5958345,58.12,58.483,56.6101
9/22/14,56.77,3069477,57.69,58.44,56.55
9/23/14,56.9,2296594,56.43,57.33,56.07
9/24/14,58.84,3140540,57.24,58.87,57.06
9/25/14,57.515,2998424,58.79,59.25,57.3201
9/26/14,58.41,2435566,57.89,58.75,57.59
9/29/14,58.53,1825502,57.71,58.79,57.51
9/30/14,58.05,2615016,58.64,58.76,57.67
10/1/14,53.31,10650370,57.69,57.8,52.57
10/2/14,53.62,6318865,53.68,54.28,51.63
10/3/14,55.25,4518288,54.24,55.91,54.13
10/6/14,54.095,3778107,55.89,55.93,53.2
10/7/14,52.41,4423365,53.6,53.6,52.3
10/8/14,54.26,4037010,52.36,54.4,51.41
10/9/14,52.23,2922293,54.03,54.25,52.15
10/10/14,47.01,12382640,50.1,50.13,44.06
10/13/14,45.32,7256640,47.43,47.55,45.1
10/14/14,48.91,12927420,48.28,50.99,47.5
10/15/14,49.605,7566781,47.55,50.455,47.25
10/16/14,51.525,6961697,48.38,52,48.38
10/17/14,51.06,4898389,52.75,53.16,50.7
10/20/14,51.86,3527453,50.89,51.965,50.45
10/21/14,54.7,4657937,53.32,54.71,53
10/22/14,53.69,3352018,55,55.23,53.56
10/23/14,55.34,3934297,54.5,55.94,54.278
10/24/14,55.04,3007495,55.14,55.498,54.56
10/27/14,54.86,2649100,54.64,55.1099,54.21
10/28/14,55.81,3355999,54.99,55.85,54.66
10/29/14,57.32,3105624,55.37,57.36,55.37
10/30/14,56.04,3527330,56.94,57.35,55.31
10/31/14,58.24,3676618,57.53,58.37,57.4
11/3/14,60.23,5153796,58.47,60.65,58.26
11/4/14,60.42,3898454,60.04,60.71,59.5
11/5/14,60.88,4496160,60.75,61.29,60.0001
11/6/14,62.14,6101588,61,62.34,60.33
11/7/14,59.88,11103260,62.85,63.39,56.681
11/10/14,60.97,4275097,60.24,61.54,60.0801
11/11/14,60.97,2697416,61,61.089,60.2416
11/12/14,60.99,3436989,60.9,61.8,60.76
11/13/14,60.71,3185972,61.07,61.7399,60.33
11/14/14,62.8,5875590,60.89,63.2,60.4
11/17/14,62.15,3710079,62.74,62.95,61.2301
11/18/14,63.9,4050467,62.2,63.97,62.184
11/19/14,63.81,3143844,63.85,63.99,62.66
11/20/14,64.66,3036016,63.2,64.91,62.81
11/21/14,64.36,3146803,65.14,65.35,64.05
11/24/14,65.73,2681744,64.68,66,64.5
11/25/14,65.47,10063040,66.38,66.5,64.942
11/26/14,67.9,3949953,65.68,67.995,65.68
11/28/14,67.47,1774302,67.9,68,67.08
12/1/14,65.77,4436901,67.26,67.35,64.33
12/2/14,65.8,4760353,64.84,66.25,64.03
12/3/14,66.67,3864083,66.02,66.84,65.0351
12/4/14,69.75,6625895,68,70.14,67.22
12/5/14,70.36,3982645,70.15,71.09,69.336
12/8/14,69.15,3816210,70.01,70.94,68.14
12/9/14,69.22,2994233,66.87,69.81,65.63
12/10/14,68.52,3453021,69.76,70.68,68.31
12/11/14,70.08,3369609,68.9,71.34,68.76
12/12/14,69.1,2383971,69.01,70.27,69.01
12/15/14,68.51,3575187,69.94,70.25,67.7
12/16/14,68.12,2880305,67.84,69.81,67.27
12/17/14,70.82,2824431,68.63,70.91,67.5
12/18/14,73.19,3694547,73,73.19,71.85
12/19/14,72.7,4406751,73.57,73.73,71.5909
12/22/14,74.42,2622587,72.95,74.82,72.2
12/23/14,73.4,2596371,74.84,74.97,73.22
12/24/14,74.32,922816,73.83,74.55,73.56
12/26/14,74.49,1395797,74.37,74.67,73.94
12/29/14,73.17,3926720,72.84,73.4,71.06
12/30/14,72.86,1672486,72.72,73.291,72.6
12/31/14,72.71,2011807,73.23,74.51,72.7
1/2/15,73.32,2850860,73.6,73.92,72.12
1/5/15,72.13,2911279,73.1,73.4,72.05
1/6/15,69.83,4747342,72.2,72.55,68.71
1/7/15,70.98,2893510,71.47,71.89,70.31
1/8/15,74.2,3762158,72,74.74,71.75
1/9/15,74.08,2861365,74.74,74.76,72.51
1/12/15,72.32,2738806,74.15,74.25,71.605
1/13/15,72.84,3038628,74,74.8,72.1
1/14/15,71.6,3033482,71.37,72.67,70.6
1/15/15,71.325,2733785,72.02,72.96,70.81
1/16/15,73.85,3079051,71.06,74,71.03
1/20/15,75.56,3614424,74.65,75.9,74.47
1/21/15,77.3,3154282,75.6,77.34,75.02
1/22/15,79.33,6592797,77.8,79.42,75.57
1/23/15,80.86,7668045,78.41,82.78,78.26
1/26/15,82.48,3528405,80.86,82.5,79.65
1/27/15,81.52,3328857,81.24,82.5,81.11
1/28/15,81.83,4481014,83.5,83.95,81.65
1/29/15,84.19,4097864,82.22,84.55,81.4
1/30/15,83.05,3499074,84,84.95,82.95
2/2/15,82.02,4099091,83.07,83.73,80.15
2/3/15,82.27,2784679,81.89,82.9,80.72
2/4/15,82.3,2419893,81.43,82.85,81.38
2/5/15,81.4,3302697,82.6,82.6,80.52
2/6/15,81.44,2928161,81.38,83.04,80.69
2/9/15,79.08,5472207,80.63,80.87,77.2
2/10/15,81.64,3230050,80.12,81.76,78.86
2/11/15,82.36,2442210,82.06,82.73,81.2
2/12/15,82.42,2248650,83.08,83.25,81.46
2/13/15,81.85,2636838,82.94,82.98,80.84
2/17/15,82.74,1866990,81.68,82.98,81.45
2/18/15,82.555,1650064,82.87,82.97,81.91
2/19/15,83.055,1745300,82.47,83.33,82.19
2/20/15,84.3,2334315,82.81,84.4,82.81
2/23/15,86.005,3417865,84.89,86.09,84.15
2/24/15,88.18,3794718,86,88.27,84.9
2/25/15,87.73,3102325,88.25,88.93,87.28
2/26/15,88.58,3979886,88.45,89.689,87.32
2/27/15,87.75,2187233,88.94,89.38,87.32
3/2/15,91.13,3451022,88.24,91.21,88.12
3/3/15,88.74,4559705,90.96,91.22,88.61
3/4/15,90.155,2871562,88.52,90.2,87.65
3/5/15,91.55,3003984,90.55,91.84,90.28
3/6/15,90.75,3405999,91.47,91.82,89.82
3/9/15,92.115,2603139,90.95,92.4288,90.65
3/10/15,91.2,5340585,92.76,92.99,90.14
3/11/15,92.2,40626460,92.13,93.35,91.83
3/12/15,92.86,3994911,92.26,93.16,91.68
3/13/15,92.92,3658896,92.59,93.48,92.14
3/16/15,96.78,4695790,93.23,96.86,93.23
3/17/15,97.31,3402117,96.51,97.45,95.14
3/18/15,97.12,3708882,96.83,97.7,95.3501
3/19/15,99.57,4122123,97.45,99.78,97.25
3/20/15,102.05,4118381,100.14,102.2,99.75
3/23/15,101.76,3585799,102.25,102.77,101.68
3/24/15,101.46,3634425,101.94,102.7099,100.36
3/25/15,95.57,10490630,101.24,101.46,94.02
3/26/15,93.04,13788080,91.97,93.47,88.25
3/27/15,98.83,9725485,93.59,99.53,93.55
3/30/15,100.13,4711623,100.09,101.1,99.11
3/31/15,98.29,3859374,99.57,100.59,98.02
4/1/15,96.84,4604694,97.98,98.3,94.77
4/2/15,96.51,3024583,97.11,97.64,96.01
4/6/15,95.47,3263163,94.14,96.12,93.61
4/7/15,96.78,3084178,95.53,97.7,95.25
4/8/15,97.47,2971575,96.65,97.7,96.0801
4/9/15,99.84,3248292,97.24,99.94,97.06
4/10/15,99.64,2125869,99.87,100.43,98.8
4/13/15,98.58,2441194,99.5,100.5664,98.385
4/14/15,95.64,4957017,98.24,98.47,94.57
4/15/15,96.23,3038902,96.7,97.39,95.525
4/16/15,95.68,2599652,95.55,96.39,95.06
4/17/15,94.28,3516254,94.76,94.9,93.25
4/20/15,94.93,2304235,94.99,96,94.61
4/21/15,95.42,2073330,96.05,96.29,94.91
4/22/15,96.83,2451832,95.79,96.99,94.8
4/23/15,95.815,1909856,95.46,96.45,95.1
4/24/15,93.385,4133002,95.74,95.805,92.1
4/27/15,94.55,3815382,93.81,96.22,93.55
4/28/15,94.545,4524808,95.28,95.49,90.68
4/29/15,93.59,3532726,93.26,94.21,92.3
4/30/15,92.25,5235194,94.15,94.75,91.34
5/1/15,98.295,7367113,95.87,98.33,94.2
5/4/15,99.11,4707202,98.94,99.47,97.57
5/5/15,94.63,4772304,98.49,98.74,94.62
5/6/15,94.57,4248032,95.19,95.49,92.33
5/7/15,97.07,3197794,96,97.35,95.93
5/8/15,97.71,3027595,97.87,98.495,97.41
5/11/15,97.16,2034305,97.74,97.74,96.31
5/12/15,96.79,2022046,96.33,97.4,95.91
5/13/15,96.65,1618114,97.05,97.99,96.49
5/14/15,98.48,2222023,97.46,98.9,96.97
5/15/15,97.56,2019028,98.71,99,97.3099
5/18/15,103.03,6075513,97.83,103.75,97.67
5/19/15,103.99,5680455,103.75,105.99,103.32
5/20/15,103.735,2681465,104.55,105.15,103.1301
5/21/15,103.89,1946429,104.43,104.49,102.75
5/22/15,104.69,2965604,104.15,106.83,104.15
5/26/15,103.72,2203821,104.7,104.77,102.96
5/27/15,108.63,4774513,104.06,108.71,104.06
5/28/15,107.65,3728930,108.59,110.3905,106.95
5/29/15,109.36,3629171,108.57,109.86,107.721
6/1/15,109.45,2942169,110.38,111.6,109.18
6/2/15,108.12,2328695,109.55,109.5699,107.65
6/3/15,105.39,3719361,108.46,108.9,105.34
6/4/15,105.62,3654100,104.43,106.95,103.61
6/5/15,105.74,3528489,105.01,106.09,103.67
6/8/15,102.32,3542998,106.54,106.75,102.2
6/9/15,102.24,6182225,101.58,102.74,98.07
6/10/15,105.54,3552097,103.44,105.97,103.28
6/11/15,105.63,2528338,105.85,106.54,104.93
6/12/15,104.95,1671963,104.49,105.71,103.98
6/15/15,106.11,2465721,104.04,106.28,102.84
6/16/15,106.33,1895733,105.59,107,105.25
6/17/15,106.57,1943151,106.34,107.03,105.555
6/18/15,109.98,3605283,107.07,110.21,107.07
6/19/15,110.2,4112091,110.765,112.88,109.43
6/22/15,110.92,2253586,110.72,112.23,109.54
6/23/15,110.28,1860241,111.52,111.6,109.03
6/24/15,108.4,1980973,108.6,109.73,108.07
6/25/15,109.87,1922455,109.09,110.895,108.551
6/26/15,106.9,4269497,109.5,109.65,106.13
6/29/15,102.035,6048049,102.89,105.8,100.33
6/30/15,104.1,3931015,104.13,105.1,102.6
7/1/15,103.91,2393600,106,106.74,103.6
7/2/15,104.85,1805235,104.68,105,103.42
7/6/15,101.94,2940402,103.13,104.15,101.25
7/7/15,100.49,8423919,101.34,101.43,94.21
7/8/15,95.6,7233687,97.4,98.48,94.7
7/9/15,94.51,6781412,98.16,98.66,93.27
7/10/15,100.2,5564818,97.05,101.05,96.51
7/13/15,100.49,4029826,102.93,103,99.5635
7/14/15,102.03,2449146,101.18,102.4,100.13
7/15/15,100.9,1931321,102.26,102.37,100.29
7/16/15,102.37,2380473,101.48,102.53,100.11
7/17/15,102.91,2308618,102.9,103.32,101.5
7/20/15,103.14,3131092,104.19,105.41,102.98
7/21/15,103.97,2519321,103.13,104.14,102.07
7/22/15,99.64,6522847,97.47,100.13,96
7/23/15,103.12,5857635,102.49,105,100.5
7/24/15,97.71,10483590,106.43,106.5,97.44
7/27/15,93.49,6167410,96.1,96.3,92.26
7/28/15,95.68,3629753,94.82,96.53,93.21
7/29/15,95.19,3341531,95.74,96.1,93.65
7/30/15,96.76,4303433,95.19,97.05,93.56
7/31/15,95.67,7094686,96.83,97.215,95.18
8/3/15,92.78,5210148,95.17,95.75,91.63
8/4/15,88.69,12137990,90.89,91,85.07
8/5/15,88.96,4785817,86.63,90.57,86.63
8/6/15,85.98,6848802,89.99,89.99,84.33
8/7/15,88.36,5156853,85.25,88.4,85.01
8/10/15,91.03,4558634,89.9,91.45,88.581
8/11/15,88.97,4768657,88.53,91.14,87.68
8/12/15,89.9,4219777,86.88,90.59,86.5
8/13/15,89.64,2643957,90.12,91.53,89.42
8/14/15,89.1,2819937,89.04,89.378,87.6
8/17/15,90.93,2573893,88.59,91,88.155
8/18/15,85.7,5777414,90.8,90.9,85.15
8/19/15,87.23,5610647,86.54,88.22,85.35
8/20/15,82.44,5444765,85.89,86.88,82.42
8/21/15,79.07,7269344,80.17,82,78.22
8/24/15,80.51,12076290,71.01,84.8,70.8
8/25/15,80.56,5991317,85.38,86.65,80.31
8/26/15,86.15,5385194,83.52,86.28,81.56
8/27/15,89.77,5725455,88.94,90.08,86.62
8/28/15,88.62,3823461,88.37,89.97,87.57
8/31/15,87.35,3062215,87.87,89.79,87.29
9/1/15,83.05,4778494,84.48,86.33,82.4
9/2/15,85.74,2928812,85.45,85.74,83.51
9/3/15,85.34,2268368,86.31,87.44,85.04
9/4/15,83.37,2876285,84.03,85.5499,83.081
9/8/15,87.73,3612002,85.74,87.9,84.87
9/9/15,86.42,3765858,88.8,89.77,86.1686
9/10/15,88.07,3929972,86.99,89.43,86.51
9/11/15,88.16,2166112,87.4,88.64,86.55
9/14/15,89.5,3049401,90.06,90.67,89.09
9/15/15,91.66,3282390,89.82,91.857,89.695
9/16/15,91.52,2548493,91.64,91.88,90.13
9/17/15,90.74,2369783,91.17,92.63,90.23
9/18/15,89.37,3295581,89,90.84,88.64
9/21/15,89.22,2071354,90.22,91.09,88.58
9/22/15,86.7,3501314,87.58,88.48,86.3
9/23/15,88.12,2851653,86.73,89.04,86.17
9/24/15,86.35,4603578,87.31,87.79,84.43
9/25/15,87.77,3722479,88.6,89.72,86.5
9/28/15,82.71,3400238,87.43,88.105,82.671
9/29/15,82.85,3478005,82.5,84.99,82
9/30/15,84.21,3916903,84.11,85.25,82.73
10/1/15,83.37,4790387,83.98,84.03,81.51
10/2/15,84.06,3591647,81.89,84.08,81.11
10/5/15,81.87,4251008,84.49,84.75,81.8
10/6/15,80.71,15080440,81.84,82.49,74.51
10/7/15,83.61,5817724,81.16,83.65,79.84
10/8/15,79.43,7535165,82.91,83.04,77.3
10/9/15,79.5,3301489,79.56,80.26,78.45
10/12/15,79.59,2652435,79.93,80.5,78.86
10/13/15,77.47,3185568,78.99,79.55,77.39
10/14/15,77.82,4584660,77.19,78.82,75.8396
10/15/15,80.24,4516838,78.72,80.75,78.41
10/16/15,79.6,2485251,80.27,80.29,78.71
10/19/15,77.83,2586272,79.15,79.9099,77.41
10/20/15,78.29,3171096,77.47,78.55,76.74
10/21/15,77.67,3327416,78.71,79.24,77.59
10/22/15,81.69,4248082,78.97,81.72,78.7
10/23/15,82.55,2976457,82.75,83.18,81.39
10/26/15,77.91,5658629,81,81,77
10/27/15,76.31,4889349,77,79.17,75.51
10/28/15,77.5,6347575,77.9,79.02,76.45
10/29/15,74.63,4781522,74.77,76.39,74.01
10/30/15,77.24,4138479,75.07,77.7,74.69
11/2/15,79.3,3296163,77.28,79.56,77.17
11/3/15,79.08,3199975,79.01,79.36,77.5
11/4/15,80.18,3416571,79.67,80.34,78.8701
11/5/15,80.28,5092288,80.93,81.2,78.82
11/6/15,85.99,7145371,84.04,86.92,83.11
11/9/15,84.89,4466486,85.85,85.85,83.81
11/10/15,80.37,5682219,81.15,81.35,79.75
11/11/15,79.1,3346797,81.67,81.7499,79.04
11/12/15,75.84,4732201,78.78,78.8,75.8
11/13/15,74.83,3272375,75.71,76.2499,74.16
11/16/15,75.28,3236720,74.6,75.64,73.6506
11/17/15,77.15,3131373,75.47,77.79,75.33
11/18/15,80.41,4016319,77.63,80.54,77.19
11/19/15,78,2913975,80.2,80.24,77.16
11/20/15,78.57,2368132,78.56,79.4,77.65
11/23/15,77.72,1616297,78.91,78.91,77.511
11/24/15,79.72,3537384,78.25,80.1,77.81
11/25/15,80.31,3182987,79.93,80.48,79.02
11/27/15,81.9,1556839,80.63,82.125,80.0006
11/30/15,83.02,3590566,81.89,83.19,80.77
12/1/15,83.76,3724139,83.63,84.49,83.28
12/2/15,84.63,3420750,83.95,85.78,83.3
12/3/15,83.44,4181342,86.71,87.1,83.13
12/4/15,87.92,5117704,83.24,88.52,82.13
12/7/15,86.69,2866855,87.92,87.99,86.17
12/8/15,87.1,3000363,85.43,87.77,84.5
12/9/15,84.68,4052195,86.53,86.74,83.92
12/10/15,84.89,2573515,84.51,86.18,84.17
12/11/15,81.43,4158579,83.07,83.56,80.806
12/14/15,78.505,6035531,79.64,79.99,76.45
12/15/15,77.78,4568198,78.18,78.78,76.85
12/16/15,78.97,3020423,78.25,79.46,77.134
12/17/15,77.8,2297881,79.82,80.63,77.7601
12/18/15,76.38,3771877,77.23,78.44,76.15
12/21/15,78.42,2286494,77.5,78.42,76.4
12/22/15,78.41,2586166,78.81,79.11,76.71
12/23/15,79.17,1919692,78.86,79.86,77.66
12/24/15,79.32,1022734,79.17,80.48,79
12/28/15,79.31,3210343,78.81,79.8989,77.57
12/29/15,80.43,2437688,79.43,81.35,79.08
12/30/15,79.19,1368795,80.18,80.93,79.15
12/31/15,76.83,2340279,78.91,79.25,76.8
1/4/16,77.93,3846402,75.01,78,74.91
1/5/16,73.29,6008410,78.04,78.12,72.78
1/6/16,69.15,8045843,71.55,72.06,68.33
1/7/16,67.16,7092598,66.6,70.28,66.1
1/8/16,66.89,7169363,68.56,69.12,66.55
1/11/16,66.05,5138672,67.18,68,64.93
1/12/16,66.63,3351446,66.72,67.81,65.06
1/13/16,62.16,7243826,64.2,65.66,61.9
1/14/16,64.54,5673891,62.01,65.14,60.07
1/15/16,60.67,6043431,61.1,62.45,59.92
1/19/16,60.38,4927181,62.38,63.34,59.8727
1/20/16,61.62,5996420,59.37,62.31,58.5
1/21/16,63.29,4252523,62.23,64.73,61.52
1/22/16,67.03,5712732,65,67.42,64.97
1/25/16,65.59,3068980,66.85,66.92,65.492
1/26/16,65.8,2779637,65.75,67.04,64.99
1/27/16,62.14,5846858,65.68,66.46,61.705
1/28/16,64.79,7045468,62.77,64.9,62.61
1/29/16,68.92,8197571,68.82,69.77,66.22
2/1/16,69.62,4726214,68.18,70.39,67.52
2/2/16,66.48,3833661,69.07,69.2,66.38
2/3/16,66.19,4893791,67.8,68.79,64.88
2/4/16,66,4337281,66.58,66.79,65.12
2/5/16,62.16,6328705,64.87,65.85,61
2/8/16,59.3,5708511,60.81,61.19,58.23
2/9/16,57.7,4610603,58.24,60.08,57.46
2/10/16,57.2,3434417,58.68,59.76,57.01
2/11/16,55.85,6578446,56.1,56.97,54.5
2/12/16,57.63,3898329,57.06,57.96,56.01
2/16/16,61.44,4852012,59.27,62.44,59.14
2/17/16,63.71,4505615,61.82,64.88,61.57
2/18/16,62.07,2995813,64.43,64.4899,61.1
2/19/16,63.03,3374305,61.51,63.501,61.29
2/22/16,64.29,3206119,63.6,65.19,63.29
2/23/16,62.62,2452349,63.74,63.7599,62.07
2/24/16,63.71,2671869,61.58,63.86,61.11
2/25/16,64.55,2545237,63.53,64.56,62.59
2/26/16,64.9,2227050,65.08,65.4,64.43
2/29/16,66.45,5593199,65.88,68.79,65.5417
3/1/16,70.4,4634134,67.62,70.42,67.035
3/2/16,68.98,3966157,69.94,70.85,68.45
3/3/16,70.1,4111667,68.42,70.49,68.3
3/4/16,73.01,7329475,71.18,75.11,70.3301
3/7/16,72.92,4225397,72.16,74.7295,71.808
3/8/16,69.91,4801019,72,72.1,69.25
3/9/16,71.02,3002114,70.32,71.91,69.96
3/10/16,69.97,3639842,71.5,72.36,68.58
3/11/16,72.77,3354307,70.83,72.8,70.62
3/14/16,72.79,3010418,72.17,73.21,71.52
3/15/16,73.61,3818198,73.52,74.4,72.35
3/16/16,75,4189063,73,75.05,72.9
3/17/16,74.92,5458909,74.26,75.16,73.08
3/18/16,77.02,4478697,75.41,77.125,74.86
3/21/16,77.21,2553482,76.68,77.24,75.43
3/22/16,76.89,2422621,76.1,77,75.61
3/23/16,76.3,2946047,76.45,76.7199,75.83
3/24/16,76.2,2285556,75.57,76.24,75.01
3/28/16,76.92,2113333,76.44,77.18,75.72
3/29/16,76.47,4269895,74.51,76.88,73.61
3/30/16,77.85,2683312,76.99,78.22,76.8
3/31/16,77.9,2949656,77.61,78.29,77.31
4/1/16,78.18,2015624,77.16,78.23,76.32
4/4/16,77.5,2053853,78.36,78.46,76.44
4/5/16,77.07,2074298,76.45,77.3799,76.14
4/6/16,78.21,2531900,76.87,78.45,75.22
4/7/16,77.31,4515614,77.58,77.715,76.57
4/8/16,77.36,4375290,78,78.11,76.6
4/11/16,76.07,2003493,77.73,78,76.02
4/12/16,74.64,3767282,76.23,76.35,73.66
4/13/16,77.07,2004495,75.26,77.22,75
4/14/16,76.77,2422501,75.89,76.9,74.59
4/15/16,75.06,3254712,76.64,77.16,74.95
4/18/16,74.74,2339966,74.4,75.21,73.9
4/19/16,72.23,3744884,75.15,75.15,71.88
4/20/16,72.84,3110138,71.84,73.51,70.89
4/21/16,71.69,2909058,72.59,72.79,71.07
4/22/16,71.5,2644503,71.58,72.15,70.56
4/25/16,70.72,2585117,71.03,71.47,70.01
4/26/16,71.7,2542272,71.34,72.5,71.03
4/27/16,72.32,6347963,68.68,72.84,68.48
4/28/16,71.78,4412296,71.88,73.59,71.31
4/29/16,66.82,8590814,70.42,72.01,66.043
5/2/16,67.12,3873168,66.77,67.28,65.7
5/3/16,67.02,3413282,66.94,67.39,66.5425
5/4/16,65.23,2505131,66.49,67.01,64.78
5/5/16,64.35,2815441,66.12,66.19,64.25
5/6/16,64.63,3015846,64.2,64.65,62.6201
5/9/16,65.05,2494143,64.42,65.5666,64.42
5/10/16,64.86,2398520,64.9,65.11,63.75
5/11/16,64.59,2168599,64.66,65.31,64.35
5/12/16,61.66,5180711,64.85,64.95,60.92
5/13/16,60.75,4887895,60.97,62.24,60.43
5/16/16,62.42,3261473,61.11,62.86,60.9552
5/17/16,62.31,3119199,62.13,63.58,61.94
5/18/16,63.57,2632987,62.1,64.36,62.01
5/19/16,62.8,2578672,63,63.84,61.8302
5/20/16,64.56,2236827,63.47,64.8,62.91
5/23/16,65.81,3367114,65.85,67.46,65.76
5/24/16,66.46,2766305,66.07,66.67,65.85
5/25/16,66.27,2389324,66.45,66.7849,65.11
5/26/16,66.17,1699697,66,66.8,65.89
5/27/16,66.5,1127983,65.93,66.55,65.81
5/31/16,66.76,1756027,66.32,67.1,66.3
6/1/16,67.27,2039638,66.37,67.64,66.37
6/2/16,66.58,2169398,67.03,67.56,66.26
6/3/16,66.94,3682327,67.74,68.5,66.27
6/6/16,66.11,1937068,66.94,67.26,66.06
6/7/16,68.67,3066092,66.39,68.96,66.17
6/8/16,68.38,2093035,68.53,68.98,67.7101
6/9/16,67.97,2504368,66.5,68.09,66.35
6/10/16,65.55,2416971,66.91,67.08,65.42
6/13/16,64.96,1252996,65.02,66.13,64.821
6/14/16,65.01,1570137,64.75,65.19,64.01
6/15/16,64.99,1595383,65.19,65.51,64.76
6/16/16,64.78,1733835,64.25,64.94,63.36
6/17/16,63.97,2400991,64.74,64.74,63.31
6/20/16,65.95,3590108,64.95,66.62,64.74
6/21/16,65.46,1637437,66.14,67.1,65.34
6/22/16,65.35,1833720,65.41,66.77,65.29
6/23/16,67.21,1462674,66.23,67.23,65.83
6/24/16,61.61,3912212,64,65.09,61.37
6/27/16,58.01,5198337,60.16,60.8,57.1106
6/28/16,60.26,3094845,59.29,60.77,59.13
6/29/16,61.73,2155930,61.08,62.23,60.75
6/30/16,63.28,3370801,62.03,63.31,61.675
7/1/16,62.6,2108214,62.48,63.22,61.87
7/5/16,58.82,3667200,60.67,60.74,58.08
7/6/16,59.16,3847606,58.25,59.26,57.19
7/7/16,60.89,2860398,59.39,61.2,59.3447
7/8/16,62.91,2299029,61.67,63.15,61.52
7/11/16,64.64,2179220,63.6,65.2,63.57
7/12/16,65.8,2075907,65.49,66.42,65.21
7/13/16,65.35,1939382,66.44,66.48,65.08
7/14/16,67.39,2088511,66.31,67.6,65.48
7/15/16,67.39,1787346,67.72,67.74,67.02
7/18/16,68.7,1948473,68.18,68.95,67.71
7/19/16,68.33,1463167,68.33,68.55,67.81
7/20/16,69.49,3218413,68.47,69.8,67.96
7/21/16,70.92,5326673,70,71.33,69.76
7/22/16,64.81,12771490,66.74,67.15,62.4001
7/25/16,64.94,4218929,64.99,65.52,64.68
7/26/16,65.87,4301803,65.36,66.38,64.05
7/27/16,66.47,4700532,68.14,68.19,66.22
7/28/16,66.47,2332068,66.17,66.59,65.2
7/29/16,66.02,1573995,66.48,66.7,65.5
8/1/16,66.14,2041445,65.92,66.8724,65.8
8/2/16,65.04,2298876,65.57,65.96,64.431
8/3/16,64.39,3477057,63.33,65.03,63.3
8/4/16,65.16,3069764,64.45,65.26,64.02
8/5/16,66.55,2178415,65.59,66.57,65.14
8/8/16,65.94,1236290,66.57,67.22,65.72
8/9/16,67,1725275,66.45,67.64,66.33
8/10/16,66.41,1384222,67.03,67.04,65.7
8/11/16,67.41,1580186,66.38,67.58,66.22
8/12/16,67.53,1452069,67.45,67.85,67.0101
8/15/16,69.5,2218082,67.61,69.59,67.55
8/16/16,69.6,2404299,69.35,69.81,68.6001
8/17/16,70.19,3107157,69.7,70.42,69.2
8/18/16,71.8,3744936,70.48,72.06,70.29
8/19/16,72.29,3109733,71.56,73.4,71.56
8/22/16,72.62,1735683,72.34,72.889,71.94
8/23/16,73.78,1771375,73.13,73.8999,72.885
8/24/16,73.29,2138832,73.95,74.309,72.98
8/25/16,74.33,2789626,73.16,74.75,73.11
8/26/16,74.84,2629184,74.35,75,73.74
8/29/16,75.22,2010704,74.79,75.65,74.5
8/30/16,74.2,3899182,74.4,75.79,73.84
8/31/16,74.86,2114706,74.13,75.24,73.9
9/1/16,75.09,2095130,74.79,75.19,74.21
9/2/16,74.62,1509550,75.25,75.43,74.21
9/6/16,73.01,4262134,74.29,74.515,72.25
9/7/16,72.05,3401051,73.18,73.765,71.572
9/8/16,71.43,3036920,71.93,71.94,70.84
9/9/16,66.76,7588475,70.51,70.69,66.06
9/12/16,68.34,4483795,66,68.5825,65.76
9/13/16,69.36,4814550,68.5,70.45,68.25
9/14/16,72.4,5308468,69.73,72.43,69.51
9/15/16,77.02,7846258,73,77.25,72.98
9/16/16,76.07,5447608,77.15,77.24,75
9/19/16,76.09,2552834,76.74,77.88,75.79
9/20/16,75.72,2729042,76.3,76.365,75.02
9/21/16,76.74,2548728,76.19,77,75.7
9/22/16,76.9,1735663,77.28,77.44,76.37
9/23/16,74.77,3569976,76.68,76.91,74.06
9/26/16,72.82,3038070,73.94,74.42,72.73
9/27/16,73.92,2408665,72.95,73.97,72.35
9/28/16,74.27,1938098,74.84,75.64,73.85
9/29/16,73.26,3419607,73.79,74.43,72.06
9/30/16,76.14,4110030,73.91,76.32,73.88
10/3/16,75.33,2285840,75.76,76.77,75.1612
10/4/16,76.59,2961477,75.4,77.17,75.4
10/5/16,77.75,2109382,77.15,78.19,76.81
10/6/16,79.34,2602385,78.18,79.42,77.71
10/7/16,79.37,2984779,79.36,79.57,77.63
10/10/16,80.15,2328072,79.78,81.19,79.61
10/11/16,79.43,5012639,80.71,82.275,78.66
10/12/16,78.82,2056082,79.46,79.51,78.15
10/13/16,77.41,2204679,77.98,78.025,76.2
10/14/16,77.63,2067851,77.86,79.49,77.44
10/17/16,76.7,1726452,77.63,78.14,76.48
10/18/16,77.65,1111264,78.1,78.3733,77.53
10/19/16,77.91,1071972,77.19,78.03,76.77
10/20/16,78.09,1260804,77.72,78.5,77.05
10/21/16,77.47,1900378,77.75,78.09,76.87
10/24/16,78.49,1727871,78.01,79.19,78.01
10/25/16,78.08,1664472,78.18,79.14,77.91
10/26/16,77.54,2189471,77.44,78.69,77.19
10/27/16,77.26,1459667,78.18,78.58,77.05
10/28/16,75.72,2714985,77.91,77.99,75.62
10/31/16,76.94,1886394,75.95,77.26,75.02
11/1/16,75.81,1782791,76.92,77.76,74.76
11/2/16,75.03,1681007,75.65,76.37,74.82
11/3/16,74.67,3562820,74.65,76.82,74.39
11/4/16,75.07,5707477,72.6,76.865,72.5
11/7/16,77.24,2702752,76.67,77.3,75.3
11/8/16,77.33,2209050,76.86,78.02,76.01
11/9/16,77.66,3458092,74.79,78.24,74.5
11/10/16,75.91,3267282,77.89,79.49,74.77
11/11/16,74.51,4015186,76,77.89,74.2
11/14/16,74.04,2614856,74.79,74.82,73.59
11/15/16,75.93,2101460,74.18,76.25,73.725
11/16/16,76.12,1631179,75.36,76.48,75
11/17/16,77.95,1616391,76.15,77.975,75.688
11/18/16,78.21,2177176,77.82,78.94,76.915
11/21/16,78.93,1512864,78.46,79.13,78.2
11/22/16,79.36,1218503,79.39,80.14,78.99
11/23/16,78.31,1585115,79.21,79.51,78.02
11/25/16,77.01,1174799,78.27,78.31,76.49
11/28/16,77.3,1805985,77.06,77.84,75.82
11/29/16,77.22,1721570,77.09,77.72,76.28
11/30/16,76.85,1595409,77.49,77.79,76.4383
12/1/16,71.78,4086420,76.92,77.07,71.65
12/2/16,73.34,1927103,71.69,73.445,71.65
12/5/16,74.82,2899638,73.72,74.98,73.49
12/6/16,76.17,3299041,75.33,76.55,74.82
12/7/16,77.34,2471436,75.78,77.66,74.25
12/8/16,79.52,2711776,77.3,79.74,76.98
12/9/16,76.93,4749726,80.6,81.04,75.65
12/12/16,76.26,2303097,76.36,77.08,75.37
12/13/16,76.88,1700975,76.8,77.63,75.95
12/14/16,75.14,2620547,76.49,77,74.62
12/15/16,77.21,2330919,75.21,77.83,74.63
12/16/16,76.81,2335513,77.51,78.59,76.67
12/19/16,77.44,1116640,76.95,78.33,76.91
12/20/16,76.61,1339589,77.52,77.79,76.3198
12/21/16,77.07,1494879,76.66,77.15,76.01
12/22/16,78.15,1705261,77.93,78.33,77
12/23/16,78.03,826697,78.22,78.45,77.62
12/27/16,78.33,718325,77.9,78.83,77.66
12/28/16,77.03,1062671,78.47,78.6,76.91
12/29/16,76.56,1165088,76.74,77.12,75.63
12/30/16,74.66,1844771,76.83,76.83,74.32
1/3/17,75.15,2609424,75.22,76.24,74.4
1/4/17,74.99,1682380,75.46,75.655,74.5
1/5/17,74.57,1832411,74.66,75.38,73.94
1/6/17,74.96,1609218,74.82,75.48,74.32
1/9/17,75.65,2331237,75.96,76.96,75.23
1/10/17,77.31,1767771,75.69,77.52,75.66
1/11/17,78.41,2119478,77.33,78.72,76.51
1/12/17,76.75,4265094,76.2,76.91,74.67
1/13/17,78.33,1963167,76.91,78.49,76.69
1/17/17,76.89,2392146,77.64,78.43,76.485
1/18/17,79.27,3103401,77.39,79.27,77.16
1/19/17,78.46,3984165,78.87,79.45,78.1805
1/20/17,88.67,15767880,85,88.9,84.69
1/23/17,90.17,6511755,88.87,91.07,87.72
1/24/17,92.27,4551935,90.31,92.74,90.31
1/25/17,91.87,3221565,93,93.78,91.32
1/26/17,91.01,2344277,92,92.64,90.94
1/27/17,92.01,1706096,91.55,92.44,91.25
1/30/17,92.99,2481088,91.43,93.08,90.22
1/31/17,91.74,2484878,92.32,92.479,90.28
2/1/17,91.74,3799532,93.54,94.49,91.31
2/2/17,91.11,2519543,90.8,91.535,90.06
2/3/17,91.56,1272478,91.32,91.91,90.88
2/6/17,91.39,1458724,91.45,91.58,90.71
2/7/17,91.78,1305466,91.4,92.2,91.17
2/8/17,91.69,1861640,91.61,92.34,90.94
2/9/17,92.47,2751802,92.07,93.1299,91.24
2/10/17,92.21,1947263,92.73,92.75,91.41
2/13/17,92.63,1290109,92.69,93.3,92.27
2/14/17,91.8,1610538,92.32,92.48,90.53
2/15/17,92.13,1560843,92.02,92.61,91.25
2/16/17,92.43,1287045,92.34,92.56,91.6
2/17/17,96.35,5405604,92.24,96.67,91.92
2/21/17,96.57,2577594,96.63,97.51,95.7
2/22/17,96.71,1397599,96.49,97.17,96.04
2/23/17,95.31,1639275,96.86,96.94,94.3
2/24/17,94.7,1448282,94.24,95,93.02
2/27/17,95.63,1243010,94.54,95.68,93.85
2/28/17,94.81,1722220,95.61,95.85,94
3/1/17,96.74,2321737,95.97,97.15,94.37
3/2/17,94.76,2348753,96.98,97.57,94.71
3/3/17,94.92,1505831,95.03,95.32,94.16
3/6/17,95.45,3186303,94.21,95.71,93.425
3/7/17,95.05,1545341,95.22,95.49,94.207
3/8/17,96.69,4067099,96.36,96.91,95.39
3/9/17,97.14,2826063,96.21,97.67,95.06
3/10/17,98.18,2258905,97.74,98.7,97.5
3/13/17,99.04,2399440,98.48,99.34,98.06
3/14/17,98.79,1214180,98.74,98.94,97.95
3/15/17,99.11,1527456,98.71,99.38,98.12
3/16/17,98.11,1796511,99.22,99.22,98
3/17/17,97.93,2423189,98.51,98.61,97.51
3/20/17,98.19,1283567,97.95,98.81,97.15
3/21/17,95.52,1804384,98.37,98.64,95.34
3/22/17,96.74,1735406,95.47,96.78,94.59
3/23/17,96.5,1111599,96.54,97.29,96.0278
3/24/17,97.3,1270820,97.36,98.35,96.88
3/27/17,97.19,1203234,96.41,97.714,95.33
3/28/17,97.93,1152761,97.31,98.7,96.55
3/29/17,97.23,1088835,97.85,97.85,97
3/30/17,98.14,1199811,97.29,98.5,97.06
3/31/17,97.98,1064187,98.31,98.49,97.71
4/3/17,97.72,1149393,98.15,98.48,96.95
4/4/17,99.35,2906443,98.68,100.7,98.14
4/5/17,98.89,1994634,99.56,100.58,98.6101
4/6/17,99.42,1358480,98.97,99.81,97.7313
4/7/17,101.82,3973042,99.43,102.64,99.11
4/10/17,101.53,1994043,101.9,102.54,100.66
4/11/17,100.14,2912556,100.5,100.815,99.11
4/12/17,97.59,3725559,100.23,100.4,96.98
4/13/17,97.47,2096611,96.82,99.44,96.15
4/17/17,98.76,927367,97.92,98.88,97.92
4/18/17,99.03,1564127,98.18,99.596,98.05
4/19/17,99.24,1695821,99.8,100.6,99.09
4/20/17,101.63,1900117,99.5,101.88,99.35
4/21/17,101.6,1530427,101.56,101.76,100.35
4/24/17,103.91,3582665,103,105.34,102.67
4/25/17,104,2724566,104.26,104.79,103.96
4/26/17,102.97,2169102,104.3,104.3,102.07
4/27/17,104.2,2996507,103.42,104.38,103.05
4/28/17,99.74,4689166,102.79,104.33,99.57
5/1/17,99.81,2294664,100.26,100.81,98.51
5/2/17,100.67,1756360,100,100.73,99.33
5/3/17,101.43,2380259,100.18,101.78,99.6
5/4/17,100.92,1514622,101.32,102.435,100.88
5/5/17,101.46,1112619,101.35,101.68,100.31
5/8/17,101.02,1101593,101.57,101.81,100.6
5/9/17,101.93,1094338,101.33,102.34,101.165
5/10/17,102.5,1240553,102.65,103.07,101.66
5/11/17,102.61,1089507,102.2,102.92,101.35
5/12/17,102.52,1032763,102.6,102.88,101.9
5/15/17,103.76,1291415,102.99,104.23,102.63
5/16/17,105.5,1683960,104.05,105.51,103.46
5/17/17,100.55,2072934,104.5,104.72,100.47
5/18/17,103.2,1889107,100.63,103.87,100.22
5/19/17,103.87,1236831,103.65,104.315,103.31
5/22/17,104.96,1214474,104.45,105.1,104.121
5/23/17,105.17,958475,105.02,105.38,103.56
5/24/17,105.42,969915,105.49,105.98,104.7
5/25/17,106.04,1300725,105.65,107.18,105.1338
5/26/17,105.89,1051369,106,106.34,104.5
5/30/17,106.36,752638,105.8,107.25,105.77
5/31/17,106.43,1468464,106.98,107,105.43
6/1/17,107.68,1649098,106.79,107.68,106.25
6/2/17,108.42,1576880,108.13,108.67,106.51
6/5/17,108.15,1300555,108.2,109.2,107.75
6/6/17,107.86,1121498,107.5,109.43,107.3
6/7/17,109.48,1527258,108,109.8,107.71
6/8/17,111.01,1523782,109.82,111.06,108.82
6/9/17,107.01,2973941,111.4,112.11,104.29
6/12/17,103.76,4114598,105.26,105.85,101
6/13/17,104.85,2061633,104.67,105.69,103.47
6/14/17,102.47,1700828,105.27,105.555,101.02
6/15/17,102.28,1670816,100.74,102.64,100.56
6/16/17,101.9,1923244,102.35,103.61,101.085
6/19/17,104.06,1234101,102.72,104.55,102.72
6/20/17,101.81,1377868,103.9,104.59,101.61
6/21/17,103.3,1123539,102.32,103.57,101.61
6/22/17,103.25,1309699,103.37,103.65,101.38
6/23/17,104.36,2458893,103.25,104.51,102.57
6/26/17,101.32,1944974,104.47,105.25,101.26
6/27/17,97.86,2896035,100.5,100.62,97.71
6/28/17,98.36,2327778,98.74,98.88,96.37
6/29/17,96.13,3103212,97.96,98.42,94.35
6/30/17,95.95,2194256,96.64,97.27,95.11
7/3/17,95.34,1180907,96.44,97.48,95.145
7/5/17,97.53,2346045,95.79,97.82,95.79
7/6/17,97.79,2241450,97.14,99.04,96.61
7/7/17,99.7,1533107,98.19,100.42,98.06
7/10/17,100.05,1295889,99.93,100.3,98.42
7/11/17,100.73,1374792,100.05,101.07,99.69
7/12/17,101.73,1605737,101.45,102.29,101.14
7/13/17,102.75,1682169,102,103.18,101.48
7/14/17,103.99,1351147,103.42,104.03,103.17
7/17/17,103.3,1692638,104.02,104.42,103.18
7/18/17,103.83,1281223,103.05,103.87,101.87
7/19/17,105.41,1807928,104.5,105.4975,104.06
7/20/17,107.64,4091449,106.18,108.21,105.5
7/21/17,107.47,3844629,106.73,107.98,105.23
7/24/17,105.86,3085820,107.65,107.73,105.37
7/25/17,106.39,1691233,106.39,106.74,104.71
7/26/17,107.33,1318174,107,107.94,106.3
7/27/17,107,3053252,107.61,108.555,105.55
7/28/17,105.76,1604491,106.64,107.15,105.42
7/31/17,104.87,1249299,106.37,106.51,104.39
8/1/17,104.28,2021959,105.11,105.38,103.5
8/2/17,104.43,2024294,106.82,106.98,103.35
8/3/17,101.79,2147091,104.43,104.53,101.29
8/4/17,102.55,1713036,101.67,103.65,101
8/7/17,104.5,1257224,102.29,104.7,102.29
8/8/17,104.73,1318937,104.5,105.98,104.25
8/9/17,104.74,1011497,103.7,105.07,103.5101
8/10/17,101.6,1650650,103.6,103.99,101.49
8/11/17,103.18,1051101,101.71,103.59,101.45
8/14/17,105.47,1249006,104.04,105.66,103.81
8/15/17,105.8,2055650,105.73,106.11,104.83
8/16/17,105.93,1018651,106.1,106.1,105.09
8/17/17,102.21,1600852,105.48,105.56,102.11
8/18/17,102.21,1139300,102.57,102.93,101.17
8/21/17,101.01,1365036,102.58,102.62,100.06
8/22/17,103.01,981179,101.64,103.38,101.39
8/23/17,102.71,861104,102.53,103.03,102.21
8/24/17,102.5,1131686,102.93,103.31,101.94
8/25/17,101.98,1105720,102.74,103.1268,101.5501
8/28/17,100.7,1950966,102.09,102.29,99.771
8/29/17,101.52,1137625,99.98,101.97,99.11
8/30/17,103.94,1602888,101.8,104.08,101.24
8/31/17,105.36,1409677,104.01,105.6,103.67
9/1/17,105.57,1103893,105.56,106.38,105.43
9/5/17,106.93,2198692,106.92,108.94,105.33
9/6/17,106.17,1446891,107.63,107.99,105.8
9/7/17,106.43,1389589,106.43,107.3,105.94
9/8/17,104.64,969339,106.05,106.35,104.31
9/11/17,107.19,1268023,105.7,107.4325,105.25
9/12/17,106.87,1029104,107.6,107.7499,106.6501
9/13/17,106.8,899307,106.45,106.86,105.58
9/14/17,107.08,1635944,105.78,108.11,105.77
9/15/17,109.55,2363623,107.06,109.7252,106.71
9/18/17,107.49,2273298,109.8,110.6068,107.375
9/19/17,107.93,1085365,107.89,108.6639,107.22
9/20/17,103.51,3545772,108.24,108.28,101.76
9/21/17,102.13,2112835,103.28,103.85,101.23
9/22/17,103.08,1369214,101.71,103.52,101.5001
9/25/17,99.59,2491147,102.17,102.17,98.7
9/26/17,99.35,2117946,100.36,100.75,98.97
9/27/17,101.6,1538177,100.49,101.97,99.88
9/28/17,101.24,1262528,101.31,101.94,100.52
9/29/17,101.9,1210129,101.34,102,100.82
10/2/17,102.28,1249656,102.16,102.86,101.25
10/3/17,102.61,796400,102.28,103.05,101.7
10/4/17,103.32,1356695,102.2,103.38,101.8
10/5/17,103.84,1117646,103.77,104.2,102.96
10/6/17,104.96,1453741,103.37,105.07,103.18
10/9/17,104.74,1024085,105.17,105.245,104.43
10/10/17,104.35,1031230,105,105.15,103.33
10/11/17,105.47,1148759,104.06,105.68,104.06
10/12/17,105.04,1113070,105.23,106.035,104.92
10/13/17,106.66,1239989,105.53,107.13,105.15
10/16/17,106.98,1099204,107.16,107.295,106.11
10/17/17,107.35,997425,106.58,107.45,106.15
10/18/17,107.34,1041251,107.56,107.82,105.72
10/19/17,103.32,3109770,105.4,105.445,101.67
10/20/17,105.15,1821500,104.47,105.31,103.85
10/23/17,104.77,1505508,105.66,106.1,104.47
10/24/17,105.21,1520365,104.73,106.04,104.25
10/25/17,104.57,1349866,104.91,105.99,103.38
10/26/17,105.52,1020645,104.99,105.74,104.75
10/27/17,107.91,2276323,106.29,108.37,105.75
10/30/17,112,2814977,108.4,112.3,108.13
10/31/17,113.86,2809128,112.4,114.8,111.4367
11/1/17,111.32,2491773,114.52,114.5999,110.5884
11/2/17,111.76,2382921,111.21,111.9,108.6
11/3/17,113.19,2757257,113.64,114.44,111.15
11/6/17,116.33,6159111,115.24,117.65,114.3
11/7/17,111.19,8174484,109.87,113.24,107.75
11/8/17,113.15,2772344,111.33,113.25,110.87
11/9/17,111.12,2161567,111.71,112.6,109.53
11/10/17,110.41,1921357,110.69,111.48,109.95
11/13/17,110.3,1202275,109.29,110.9,108.57
11/14/17,111.21,1453816,109.92,111.739,109.74
11/15/17,108.89,2097252,110.57,110.57,107.14
11/16/17,110.06,1459366,109.86,110.67,109.54
11/17/17,110,1378040,110.35,110.62,108.89
11/20/17,109.79,1163310,109.63,110.54,109.4
11/21/17,110.25,1637991,110.28,111.08,109.81
11/22/17,108.54,1536773,110.19,110.25,108.48
11/24/17,109.75,617129,108.67,109.85,108.42
11/27/17,107.22,1713623,109.2,109.21,107.14
11/28/17,107.55,2071760,107.43,107.88,106.2325
11/29/17,105.33,2878640,107.2,107.422,103.3813
11/30/17,104.74,2817144,105.47,106.27,104.2819
12/1/17,102.23,3224549,103.7,103.99,99.72
12/4/17,98.26,3760650,102.95,102.9883,98.23
12/5/17,97.6,2932541,97.71,99.58,95.36
12/6/17,96.47,5388180,95.15,97.12,93.05
12/7/17,96.68,3576203,98.15,98.3,95.13
12/8/17,96.28,2463511,97.94,98.3,95.79
12/11/17,96.98,1870245,96.16,97.02,95.88
12/12/17,96.47,2639636,96.24,97.22,95.01
12/13/17,95.86,1973930,97.07,97.5,95.59
12/14/17,94.09,3553781,95.51,96,93.6
12/15/17,94.63,3903442,94.51,95.49,93.58
12/18/17,95.84,2593181,95,96.24,94.63
12/19/17,95.68,1802603,95.83,96.5234,95.3
12/20/17,97.43,2094836,96.46,97.93,95.88
12/21/17,97.49,1960402,98,98.95,97.32
12/22/17,97.07,1511207,97.64,97.97,96.8
12/26/17,95.2,2378577,94.19,97.07,93.6
12/27/17,95.82,1420540,95.27,96.51,95.13
12/28/17,96.54,953699,96.45,96.72,95.97
12/29/17,94.95,1542980,96.49,96.71,94.93
1/2/18,98.43,2418339,96,98.5,95.12
1/3/18,99.93,2359339,98.73,100.49,98.54
1/4/18,100.77,1866739,100.61,100.96,99.1
1/5/18,101.23,1779302,101.12,102.08,100.15
1/8/18,101.25,1687958,100.85,101.755,100.09
1/9/18,100.68,1693049,101.54,101.8046,100.39
1/10/18,98.6,2184925,100.09,100.48,97.57
1/11/18,99.92,1594813,98.83,100.43,98.1
1/12/18,101.21,1751041,100.2,101.62,99.77
1/16/18,99.86,2513342,102.2,103.11,99.31
1/17/18,102.19,2116081,100.78,102.51,100.28
1/18/18,102.29,1960440,102.23,103.71,101.54
1/19/18,99.2,3309008,102.47,102.47,98.05
1/22/18,98.72,2333659,99.05,99.14,96.97
1/23/18,99.37,3073210,98.395,100.73,98.131
1/24/18,97.13,3210283,99.13,100.15,96.84
1/25/18,95.05,2940057,98.1,98.32,95.02
1/26/18,97.35,2692114,95.66,97.41,95.14
1/29/18,97.1,2867410,96.68,97.57,96.08
1/30/18,97.21,3063392,96.01,99.96,95.51
1/31/18,97.21,3216270,98.75,99.1,96.26
2/1/18,103.15,5158196,98.54,103.91,98.5
2/2/18,98.96,3502606,102.28,102.49,98.93
2/5/18,94.68,5412880,97.95,99.72,94.331
2/6/18,104.56,8531537,101.05,106.74,100.75
2/7/18,101.35,3676021,103.5,104.39,101.35
2/8/18,99.04,3381708,101.51,103.31,99.03
2/9/18,102.64,3294215,100.06,103.33,98.61
2/12/18,104.1,3039122,103.11,105,102.48
2/13/18,103.58,1947004,103.33,104.2,102.67
2/14/18,104.65,2590496,102.82,105.1,102.79
2/15/18,104.365,2560072,104.98,104.98,102.28
2/16/18,104.11,2089436,103.63,105.17,103.6
2/20/18,106.41,2561115,104.42,107.79,103.7201
2/21/18,106,1605116,106.6,107.399,105.73
2/22/18,107.26,2339289,106.6,107.5,105.97
2/23/18,108.23,1591405,108,108.35,107.01
2/26/18,110.39,1853613,108.55,110.45,108.265
2/27/18,110.3,1975398,110.01,112.28,110.01
2/28/18,109.25,2004485,110.62,111.18,108.94
3/1/18,106.59,2192606,109.55,109.62,106.29
3/2/18,109.14,1875181,105.72,109.72,105.6
3/5/18,111.48,2195157,109.22,111.56,108.3
3/6/18,111.85,1927661,112,112.1,110.27
3/7/18,111.54,1301037,110.9,112.33,110.64
3/8/18,111.44,1359458,111.95,111.95,110.16
3/9/18,113.56,1932121,112.22,114.05,111.88
3/12/18,115.16,2753650,114.52,115.98,113.81
3/13/18,112,2654785,115.4,115.8,111.3792
3/14/18,111.94,1680070,112.2,112.2,110.41
3/15/18,111.29,1226180,111.86,112.16,110.5
3/16/18,110.63,2056636,111.45,111.91,110.45
3/19/18,109.33,1876696,110.33,110.98,107.5
3/20/18,109.07,1385312,109.16,109.33,107.69
3/21/18,108.47,1616074,109,110.32,107.73
3/22/18,105.24,1647810,106.87,108.575,105.18
3/23/18,101.41,2468788,105.32,105.55,101.37
3/26/18,104.93,1950876,104.03,105,102.35
3/27/18,101.52,1488253,105.5,105.54,100.85
3/28/18,98.87,2036388,100.85,102.69,98.39
3/29/18,100.26,2208399,99.72,101.24,98.85
4/2/18,96.53,1903914,99.88,99.88,95.6873
4/3/18,97.63,2106658,97.02,98.14,95.95
4/4/18,99.63,2266896,95.62,99.88,95.59
4/5/18,98.8,1161574,99.9,100.84,98.0863
4/6/18,95.56,1765596,97.66,98.565,95.22
4/9/18,96.02,1535174,96.53,98.75,95.97
4/10/18,98.01,1266491,98.13,98.75,96.53
4/11/18,98.37,1205997,97.55,98.95,97.103
4/12/18,99.91,1777748,98.83,100.19,98.51
4/13/18,98.47,1235611,100.63,100.98,98.15
4/16/18,97.73,1837601,98.86,99.5,97.27
4/17/18,99.45,1337313,98.34,99.86,97.88
4/18/18,98.96,1172449,99.21,99.73,97.92
4/19/18,93.88,3000942,97.22,97.2399,93.73
4/20/18,91.18,5064647,93.37,93.7,90.38
4/23/18,88.64,2721019,91.5,91.78,88.47
4/24/18,87.77,2620279,88.47,89.66,86.86
4/25/18,87.81,2080909,87.9,88.74,86.31
4/26/18,88.4,2223561,88.9,89.65,87.92
4/27/18,87.08,1395695,88.77,89.03,86.94
4/30/18,86.76,2240814,87.08,88.46,86.13
5/1/18,90.9,3827608,86.79,91.03,86.75
5/2/18,91.36,2891791,93.1,93.75,90.66
5/3/18,92.25,3322233,90.5,92.98,89.53
5/4/18,96.2,4730080,89.83,96.28,88
5/7/18,95.34,3619540,96.27,96.4475,92.47
5/8/18,96.62,2316914,95.42,96.79,95.3
5/9/18,95.55,2289816,96.71,96.98,94.4955
5/10/18,97.07,1925168,95.91,97.17,95.8
5/11/18,97.01,1852977,96.88,97.73,96.57
5/14/18,99.02,1678609,98.1,100.2,97.65
5/15/18,97.89,2560141,98.31,98.328,97.13
5/16/18,98.84,1430964,98.42,98.88,97.93
5/17/18,99.71,1743543,98.42,100.1,98.3
5/18/18,98.49,2068753,98.31,99.1799,97.85
5/21/18,98.85,2011497,99.65,100.37,98.2
5/22/18,100.04,1549747,99.41,101.29,99.1633
5/23/18,100.06,1519142,99.34,100.08,98.84
5/24/18,99.58,1553532,100.18,100.48,99.08
5/25/18,100.37,1103466,99.54,100.71,99.54
5/29/18,99.44,1830807,99.67,100.7,98.59
5/30/18,99.78,1544129,100.01,100.55,98.7
5/31/18,98.61,2291952,99.38,99.65,98.54
6/1/18,100.97,1340276,99.28,101,98.6
6/4/18,100.35,1863081,100.72,100.96,99.5
6/5/18,99.51,2044231,100.73,101.26,99.07
6/6/18,100.31,1766044,99.79,100.38,98.82
6/7/18,102.49,2587545,100.47,104.1998,100.21
6/8/18,99.81,3076180,99.07,100.35,98.18
6/11/18,99.66,1234917,99.81,100.255,99.11
6/12/18,100.88,1554535,99.99,101.13,99.3
6/13/18,100.44,1731078,101.1,101.63,100.311
6/14/18,101.97,1320196,100.82,102.28,100.535
6/15/18,102.7,2158091,101.86,102.78,100.3852
6/18/18,101.1,1952039,102.15,102.31,100.3604
6/19/18,99.44,1847629,99.19,100.6,98.42
6/20/18,100.03,1421973,100.23,100.86,99.93
6/21/18,98.86,1048613,100.35,100.57,98.79
6/22/18,98.55,2251634,99.76,100.03,98.07
6/25/18,97.38,1965560,97.96,98.15,95.811
6/26/18,97.8,1732057,97.49,98.86,96.87
6/27/18,96.01,1462275,98.29,98.9197,95.94
6/28/18,96.56,1283427,95.99,97.04,95.33
6/29/18,96.65,1574220,96.84,97.81,96.59
7/2/18,97.06,1829122,95.46,97.195,95.05
7/3/18,95.46,1060643,97.2,97.86,95.3
7/5/18,99.66,2151963,96.5,99.75,96.5
7/6/18,100.13,1289495,99.42,100.45,98.59
7/9/18,100.43,994037,100.51,100.64,99.27
7/10/18,101.64,1216700,100.46,102.1,100.135
7/11/18,98.55,1190920,100.38,101.02,98.39
7/12/18,99.82,1762209,99.65,100.26,97.89
7/13/18,99.6,1118355,99.65,100.23,99.02
7/16/18,99.76,1476267,99.9,100.62,99.11
7/17/18,101.69,1892046,98.94,101.73,98.93
7/18/18,102.03,1944349,101.97,102.9,101.35
7/19/18,102.48,2092642,101.97,102.89,100.72
7/20/18,96.99,7017824,103.25,103.95,96.5
7/23/18,96.44,3255201,96.66,96.93,93.81
7/24/18,94.47,2329446,97.32,97.399,94.3
7/25/18,94.82,2557578,94.24,95.21,92.72
7/26/18,95.47,1797330,94.78,95.57,94
7/27/18,95.2,1126042,96,96.6,94.6941
7/30/18,94.43,1195151,95.16,95.41,93.9152
7/31/18,94.58,1162932,95.09,95.71,94.035
8/1/18,94.64,1458986,95.36,95.8983,94.315
8/2/18,95.62,1219830,93.65,95.8111,92.8999
8/3/18,95.61,1276229,95.66,95.92,94.96
8/6/18,95.09,1742154,94.05,95.14,93
8/7/18,96.07,1345923,95.42,96.11,95.04
8/8/18,95.42,1061980,96.06,96.25,95.39
8/9/18,94.33,1716388,95.19,95.22,94.16
8/10/18,93.09,2565434,93.47,93.74,92.24
8/13/18,93.81,1562966,93.58,94.3,93.07
8/14/18,92.72,1412335,94.03,94.25,92.62
8/15/18,91.61,1649829,91.93,92.12,90.58
8/16/18,91.41,1378730,92.3,92.49,91.06
8/17/18,91.85,1707955,90.66,92.03,89.1
8/20/18,90.98,1090823,91.91,91.9661,90.58
8/21/18,92.69,1201812,91.16,92.91,91.1434
8/22/18,92.73,914019,92.28,92.885,91.51
8/23/18,92.31,904441,92.52,93.47,92.16
8/24/18,92.99,1416542,93.01,93.285,92.34
8/27/18,93.62,1381050,93.21,94.38,92.82
8/28/18,93.58,1156911,93.94,94.32,92.84
8/29/18,93.02,1378022,93.77,93.77,92.795
8/30/18,91.49,1541198,92.88,93.1,91.49
8/31/18,91.3,1594205,91.35,91.93,90.98
9/4/18,90,2130157,91.12,91.6104,89.6872
9/5/18,89.75,2432806,89.8,89.96,88.901
9/6/18,88.66,2224874,89.79,90.93,88.445
9/7/18,87.48,2528704,88.51,89.27,87.325
9/10/18,87.16,2316724,87.55,88,86.66
9/11/18,85.83,2892645,86.65,86.96,84.7
9/12/18,84.37,2406245,85.09,85.31,83.05
9/13/18,87.21,2891762,85,87.6,84.87
9/14/18,87.73,2123594,87.54,89.23,87.13
9/17/18,86.22,1877735,87.09,88.06,86.08
9/18/18,86.81,1486766,86.26,87.19,86.26
9/19/18,88.86,2286855,87.79,89.21,86.9
9/20/18,91.61,3297461,89.6,92.11,89.45
9/21/18,92.17,3752670,91.36,92.535,90.77
9/24/18,93.18,1778707,91.74,93.62,90.7
9/25/18,91.73,1976338,93.04,93.3,91.25
9/26/18,90.04,1754972,90.75,91.41,89.8
9/27/18,89.94,1043747,90.28,90.73,89.6205
9/28/18,90.71,1108383,89.7,90.82,88.91
10/1/18,91.45,1182570,91.28,92.155,90.8
10/2/18,91.88,1076468,91.26,93.02,91.26
10/3/18,92.45,1567264,92.32,93.07,91.03
10/4/18,91.05,1296555,92,92.01,90.09
10/5/18,87.55,2127731,90.65,90.8705,86.61
10/8/18,87.57,1135804,87.24,87.94,86.36
10/9/18,88.52,1084629,87.7,88.7,87.3
10/10/18,84.8,2511747,87.29,87.35,84.79
10/11/18,85.26,2011091,84.67,87.11,84.43
10/12/18,87.21,1739766,87.24,87.73,85.91
10/15/18,87.05,1657849,86.75,88.07,86.25
10/16/18,88.7,1790852,87.78,88.97,87.46
10/17/18,88.38,1208762,89.06,89.27,87.4
10/18/18,86.23,1391306,87.82,88,85.8755
10/19/18,85.16,1478653,86.58,87.47,84.7708
10/22/18,85.2,1462016,85.75,86.5,84.535
10/23/18,84.32,2286411,82.94,84.89,80.56
10/24/18,79.39,2070716,83.42,83.42,79.27
10/25/18,81.86,1666224,80.66,82.43,80.02
10/26/18,81.08,1561255,79.82,82.17,79.465
10/29/18,81.85,1674603,82.35,83.6,80.58
10/30/18,84.66,1975638,82.12,84.86,81.9
10/31/18,86.76,2361392,85.83,87.43,84.44
11/1/18,89.49,1839021,87.23,90.41,87
11/2/18,85.27,2648465,87.43,87.98,84.32
11/5/18,83,2538655,84.26,84.34,81.2
11/6/18,82.64,2183587,82.75,84.12,82.33
11/7/18,82.65,3122762,83.4,83.57,81.68
11/8/18,83.4,2651507,82.21,84.31,81.4356
11/9/18,76.66,8437141,77.43,79.89,75.15
11/12/18,72.84,4975524,73.93,75.8,72.63
11/13/18,72.08,3300476,73.49,74.65,71.6305
11/14/18,71.28,3501028,73,73.383,70.72
11/15/18,73.14,3844102,71.1,73.38,70.89
11/16/18,72.95,2475841,72.3,73.58,72.09
11/19/18,70.76,2503970,72.17,72.71,70.57
11/20/18,69.41,3886801,68.8,70.08,68.5826
11/21/18,70.32,2392297,70.33,70.96,69.54
11/23/18,70.6,964351,69.57,71.225,69.52
11/26/18,70.95,2386621,71.37,71.91,70
11/27/18,70.67,2621408,70.25,71.6,69.825
11/28/18,72.18,2282952,71.66,72.22,70.061
11/29/18,71.23,2225411,71.69,72.75,71.14
11/30/18,72.77,2883835,71.38,72.9,70.465
12/3/18,73.46,2532016,74.93,74.95,73.23
12/4/18,70.76,2708216,72.81,73.42,70.69
12/6/18,70.61,2587763,69.11,70.69,69.02
12/7/18,67.57,2291314,70.32,70.79,67.38
12/10/18,67.44,2547353,66.2,67.75,65.81
12/11/18,68.52,2464883,68.77,70.015,68.02
12/12/18,69.31,2648630,69.55,70.465,68.7
12/13/18,69.62,1652131,69.91,70.43,69.28
12/14/18,68.69,1666417,68.76,70,68.39
12/17/18,68.43,1788558,68.5,70.395,68.05
12/18/18,68.76,1661212,68.92,70.53,68.5701
12/19/18,66.36,1968403,68.37,69.33,65.7601
12/20/18,65.64,2183378,66,67.41,64.47
12/21/18,64.49,4036420,66.3,67.5,63.91
12/24/18,62.78,1305645,63.82,65.51,62.71
12/26/18,66.71,1780837,63.49,66.8,62.74
12/27/18,67.72,1475351,65.49,67.78,65.39
12/28/18,67.22,1640369,67.87,68.405,66.81
12/31/18,67.02,1311041,67.8,68.06,66.38